<?xml version="1.0"?>
<?xml-stylesheet type="text/xsl" href="advisor.xsl"?>
<Report xmlns:dt="urn:schemas-microsoft-com:datatypes"><ExperimentInfo><ExperimentName dt:dt="string">OR-priming-baseline</ExperimentName><SessionDate dt:dt="string">01-27-2020</SessionDate><SessionTime dt:dt="string">11:22:08</SessionTime><Subject dt:dt="int">26</Subject><Session dt:dt="int">1</Session><Group dt:dt="int">1</Group><ElapsedTime dt:dt="string">51 Minutes, 26 Seconds</ElapsedTime></ExperimentInfo><TimeAuditInfo><TimeAuditObjects><TimeAuditObject><Name dt:dt="string">Rewards</Name></TimeAuditObject><TimeAuditObject><Name dt:dt="string">Delay</Name></TimeAuditObject><TimeAuditObject><Name dt:dt="string">Response</Name><OnsetToOnsetStats><OnsetToOnsetStat><Name dt:dt="string">Response</Name><Expected dt:dt="string">0</Expected><Mean dt:dt="r8">598.473684210526</Mean><N dt:dt="int">76</N><StdDevP dt:dt="r8">195.11362908533</StdDevP><StdDevS dt:dt="r8">196.410079421209</StdDevS><Min dt:dt="r8">400</Min><Max dt:dt="r8">1650</Max></OnsetToOnsetStat></OnsetToOnsetStats><OnsetDelayStats><Name dt:dt="string">Response</Name><Mean dt:dt="r8">6402.25</Mean><N dt:dt="int">76</N><StdDevP dt:dt="r8">4008.82273742948</StdDevP><StdDevS dt:dt="r8">4035.45972639219</StdDevS><Min dt:dt="r8">2033</Min><Max dt:dt="r8">10900</Max></OnsetDelayStats><LoadTimeStats><Name dt:dt="string">Response</Name><Mean dt:dt="r8">0</Mean><N dt:dt="int">0</N><StdDevP dt:dt="r8">0</StdDevP><StdDevS dt:dt="r8">0</StdDevS><Min dt:dt="r8">1.79769313486232E+308</Min><Max dt:dt="r8">-1.79769313486232E+308</Max></LoadTimeStats></TimeAuditObject><TimeAuditObject><Name dt:dt="string">Feedback</Name><OnsetToOnsetStats><OnsetToOnsetStat><Name dt:dt="string">Feedback</Name><Expected dt:dt="string">3000</Expected><Mean dt:dt="r8">3000</Mean><N dt:dt="int">2</N><StdDevP dt:dt="r8">0</StdDevP><StdDevS dt:dt="r8">0</StdDevS><Min dt:dt="r8">3000</Min><Max dt:dt="r8">3000</Max></OnsetToOnsetStat></OnsetToOnsetStats><OnsetDelayStats><Name dt:dt="string">Feedback</Name><Mean dt:dt="r8">783.152941176471</Mean><N dt:dt="int">85</N><StdDevP dt:dt="r8">1162.93054272267</StdDevP><StdDevS dt:dt="r8">1169.83226825658</StdDevS><Min dt:dt="r8">0</Min><Max dt:dt="r8">8317</Max></OnsetDelayStats><LoadTimeStats><Name dt:dt="string">Feedback</Name><Mean dt:dt="r8">0</Mean><N dt:dt="int">0</N><StdDevP dt:dt="r8">0</StdDevP><StdDevS dt:dt="r8">0</StdDevS><Min dt:dt="r8">1.79769313486232E+308</Min><Max dt:dt="r8">-1.79769313486232E+308</Max></LoadTimeStats></TimeAuditObject><TimeAuditObject><Name dt:dt="string">EndofPracticeLead</Name></TimeAuditObject><TimeAuditObject><Name dt:dt="string">TestInstructions1</Name></TimeAuditObject><TimeAuditObject><Name dt:dt="string">StartTest</Name></TimeAuditObject><TimeAuditObject><Name dt:dt="string">EndofPractice</Name></TimeAuditObject><TimeAuditObject><Name dt:dt="string">TestInstructions2</Name></TimeAuditObject><TimeAuditObject><Name dt:dt="string">Fixation</Name></TimeAuditObject><TimeAuditObject><Name dt:dt="string">Stimulus</Name><OnsetToOnsetStats><OnsetToOnsetStat><Name dt:dt="string">Stimulus</Name><Expected dt:dt="string">0</Expected><Mean dt:dt="r8">1254.89534883721</Mean><N dt:dt="int">258</N><StdDevP dt:dt="r8">4492.0403515614</StdDevP><StdDevS dt:dt="r8">4500.77124483616</StdDevS><Min dt:dt="r8">367</Min><Max dt:dt="r8">70033</Max></OnsetToOnsetStat></OnsetToOnsetStats><OnsetDelayStats><Name dt:dt="string">Stimulus</Name><Mean dt:dt="r8">835.740310077519</Mean><N dt:dt="int">258</N><StdDevP dt:dt="r8">297.021673319658</StdDevP><StdDevS dt:dt="r8">297.598975464582</StdDevS><Min dt:dt="r8">550</Min><Max dt:dt="r8">3500</Max></OnsetDelayStats><LoadTimeStats><Name dt:dt="string">Stimulus</Name><Mean dt:dt="r8">0</Mean><N dt:dt="int">0</N><StdDevP dt:dt="r8">0</StdDevP><StdDevS dt:dt="r8">0</StdDevS><Min dt:dt="r8">1.79769313486232E+308</Min><Max dt:dt="r8">-1.79769313486232E+308</Max></LoadTimeStats></TimeAuditObject><TimeAuditObject><Name dt:dt="string">Reward</Name><OnsetToOnsetStats><OnsetToOnsetStat><Name dt:dt="string">Reward</Name><Expected dt:dt="string">3000</Expected><Mean dt:dt="r8">3000</Mean><N dt:dt="int">4</N><StdDevP dt:dt="r8">0</StdDevP><StdDevS dt:dt="r8">0</StdDevS><Min dt:dt="r8">3000</Min><Max dt:dt="r8">3000</Max></OnsetToOnsetStat></OnsetToOnsetStats><OnsetDelayStats><Name dt:dt="string">Reward</Name><Mean dt:dt="r8">1254.89534883721</Mean><N dt:dt="int">258</N><StdDevP dt:dt="r8">4492.0403515614</StdDevP><StdDevS dt:dt="r8">4500.77124483616</StdDevS><Min dt:dt="r8">367</Min><Max dt:dt="r8">70033</Max></OnsetDelayStats><LoadTimeStats><Name dt:dt="string">Reward</Name><Mean dt:dt="r8">7.75193798449612E-03</Mean><N dt:dt="int">258</N><StdDevP dt:dt="r8">8.77031666587966E-02</StdDevP><StdDevS dt:dt="r8">8.78736297285885E-02</StdDevS><Min dt:dt="r8">0</Min><Max dt:dt="r8">1</Max></LoadTimeStats></TimeAuditObject><TimeAuditObject><Name dt:dt="string">TrainingLead</Name></TimeAuditObject><TimeAuditObject><Name dt:dt="string">TrainingInstructions</Name></TimeAuditObject><TimeAuditObject><Name dt:dt="string">Outcome</Name></TimeAuditObject><TimeAuditObject><Name dt:dt="string">ContactExperimenter</Name></TimeAuditObject><TimeAuditObject><Name dt:dt="string">BreakTime</Name></TimeAuditObject><TimeAuditObject><Name dt:dt="string">responseTest</Name><OnsetToOnsetStats><OnsetToOnsetStat><Name dt:dt="string">responseTest</Name><Expected dt:dt="string">0</Expected><Mean dt:dt="r8">4225.5</Mean><N dt:dt="int">2</N><StdDevP dt:dt="r8">1341.5</StdDevP><StdDevS dt:dt="r8">1897.16749392351</StdDevS><Min dt:dt="r8">2884</Min><Max dt:dt="r8">5567</Max></OnsetToOnsetStat></OnsetToOnsetStats><OnsetDelayStats><Name dt:dt="string">responseTest</Name><Mean dt:dt="r8">32</Mean><N dt:dt="int">2</N><StdDevP dt:dt="r8">0</StdDevP><StdDevS dt:dt="r8">0</StdDevS><Min dt:dt="r8">32</Min><Max dt:dt="r8">32</Max></OnsetDelayStats><LoadTimeStats><Name dt:dt="string">responseTest</Name><Mean dt:dt="r8">0</Mean><N dt:dt="int">0</N><StdDevP dt:dt="r8">0</StdDevP><StdDevS dt:dt="r8">0</StdDevS><Min dt:dt="r8">1.79769313486232E+308</Min><Max dt:dt="r8">-1.79769313486232E+308</Max></LoadTimeStats></TimeAuditObject><TimeAuditObject><Name dt:dt="string">outcomeTest</Name><OnsetToOnsetStats/><OnsetDelayStats><Name dt:dt="string">outcomeTest</Name><Mean dt:dt="r8">4225.5</Mean><N dt:dt="int">2</N><StdDevP dt:dt="r8">1341.5</StdDevP><StdDevS dt:dt="r8">1897.16749392351</StdDevS><Min dt:dt="r8">2884</Min><Max dt:dt="r8">5567</Max></OnsetDelayStats><LoadTimeStats><Name dt:dt="string">outcomeTest</Name><Mean dt:dt="r8">1</Mean><N dt:dt="int">2</N><StdDevP dt:dt="r8">0</StdDevP><StdDevS dt:dt="r8">0</StdDevS><Min dt:dt="r8">1</Min><Max dt:dt="r8">1</Max></LoadTimeStats></TimeAuditObject><TimeAuditObject><Name dt:dt="string">KnowledgeLead</Name></TimeAuditObject><TimeAuditObject><Name dt:dt="string">KnowledgeInstructions</Name></TimeAuditObject></TimeAuditObjects></TimeAuditInfo><AdvisorModules><AdvisorModule><Present dt:dt="boolean">1</Present><Enabled dt:dt="boolean">1</Enabled><Caption dt:dt="string">Object in experiment does not run</Caption><Description dt:dt="string">An object was created from the Toolbox in E-Studio or with E-Basic but never runs on a Procedure or through InLine script.</Description><DefinitionGuid dt:dt="string">{977A0731-ED4F-4772-BF32-4E8B2870EAED}</DefinitionGuid></AdvisorModule><AdvisorModule><Present dt:dt="boolean">1</Present><Enabled dt:dt="boolean">1</Enabled><Caption dt:dt="string">Volatile Clock on Windows XP</Caption><Description dt:dt="string">The E-Prime Primary Clock is configured in a way that could cause timing inconsistencies on Windows XP. Contact PST Tech Support to configure the clock for more stabilized performance when using Windows XP with this finding.</Description><DefinitionGuid dt:dt="string">{60BEA5C4-6FE8-4EB7-8915-AAACF8258404}</DefinitionGuid></AdvisorModule><AdvisorModule><Present dt:dt="boolean">1</Present><Enabled dt:dt="boolean">1</Enabled><Caption dt:dt="string">Procedure ends with pending InputMask objects</Caption><Description dt:dt="string">There are input masks that continue to collect responses at the end of a Procedure. To ensure that responses are collected and properly logged, set the TimeLimit property to (until feedback) or (end of proc) and the Procedure.ProcessPendingInputMasks property to All or Last.</Description><DefinitionGuid dt:dt="string">{E87CD980-15BD-4393-8583-E0E7BCC5DF3A}</DefinitionGuid></AdvisorModule><AdvisorModule><Present dt:dt="boolean">1</Present><Enabled dt:dt="boolean">1</Enabled><Caption dt:dt="string">Movie and audio stimuli not mapped</Caption><Description dt:dt="string">A movie or audio file is not using mappings available through Codec Config. Failure to map movie or audio files to specific codecs can negatively affect timing and performance of movies and sounds while running the experiment.</Description><DefinitionGuid dt:dt="string">{72A59214-3F45-4B98-84BC-4E63903B8374}</DefinitionGuid></AdvisorModule><AdvisorModule><Present dt:dt="boolean">1</Present><Enabled dt:dt="boolean">1</Enabled><Caption dt:dt="string">Duration not divisible by refresh rate</Caption><Description dt:dt="string">An object with its OnsetSync property set to (vertical blank) has a Duration value that is not divisible by the DisplayDevice calulated refresh rate, which can lead to larger OnsetDelay and other timing issues.</Description><DefinitionGuid dt:dt="string">{4AD2EB1F-8E4A-4B24-A38C-1E0EE032A9EC}</DefinitionGuid></AdvisorModule><AdvisorModule><Present dt:dt="boolean">1</Present><Enabled dt:dt="boolean">1</Enabled><Caption dt:dt="string">Non-Visual object using OnsetSync or OffsetSync</Caption><Description dt:dt="string">A non-visual object (SoundOut, SoundIn, Wait) has either of its OnsetSync or OffsetSync properties set to (vertical blank) which is usually unnecessary unless syncing with external equipment.</Description><DefinitionGuid dt:dt="string">{E1AF242F-4142-48EC-9FEE-2A47AF3176FD}</DefinitionGuid></AdvisorModule><AdvisorModule><Present dt:dt="boolean">1</Present><Enabled dt:dt="boolean">1</Enabled><Caption dt:dt="string">Text object has matching BackColor and ForeColor</Caption><Description dt:dt="string">A TextDisplay or SlideText object has BackStyle set to opaque with identical values for BackColor and ForeColor, which can lead to an object not being visible during an experiment.</Description><DefinitionGuid dt:dt="string">{6C660ACC-674E-4E8F-9CEF-B5D1E6799E17}</DefinitionGuid></AdvisorModule><AdvisorModule><Present dt:dt="boolean">1</Present><Enabled dt:dt="boolean">1</Enabled><Caption dt:dt="string">Use of ClearAfter</Caption><Description dt:dt="string">An object has its ClearAfter property set to Yes. ClearAfter is a deprecated property.</Description><DefinitionGuid dt:dt="string">{802B9EB1-1D9C-4B1D-A36C-05748B9F93C9}</DefinitionGuid></AdvisorModule><AdvisorModule><Present dt:dt="boolean">1</Present><Enabled dt:dt="boolean">1</Enabled><Caption dt:dt="string">Use of Stretch</Caption><Description dt:dt="string">A visual object has its Stretch property set to Yes, which can cause display timing anomalies.  Instead of using Stretch, consider editing the source material to match the size and proportions you want to display during the experiment.</Description><DefinitionGuid dt:dt="string">{9FA8794D-625C-49A0-BF1B-C1244A18FB28}</DefinitionGuid></AdvisorModule><AdvisorModule><Present dt:dt="boolean">1</Present><Enabled dt:dt="boolean">1</Enabled><Caption dt:dt="string">Display adapter set to clone mode</Caption><Description dt:dt="string">The display adapter of the machine is set to clone or mirror mode. Mirroring can cause timing issues since vertical blank synchronization is not accurate between multiple displays, and determining which display is considered primary can cause confusion and may not be consistent between computer configurations.</Description><DefinitionGuid dt:dt="string">{08B7EA85-6E98-407F-BB95-BEEC0254B9D1}</DefinitionGuid></AdvisorModule><AdvisorModule><Present dt:dt="boolean">1</Present><Enabled dt:dt="boolean">1</Enabled><Caption dt:dt="string">Large OnsetDelay</Caption><Description dt:dt="string">An object is collecting OnsetDelay Stats and has an OnsetDelay that is larger than a single refresh. Setting the Duration property to a value divisible by the refresh rate and the PreRelease property to (same as duration) will typically reduce OnsetDelay values.</Description><DefinitionGuid dt:dt="string">{F2B71F0D-E54F-447A-A362-FA8188103FD0}</DefinitionGuid></AdvisorModule><AdvisorModule><Present dt:dt="boolean">1</Present><Enabled dt:dt="boolean">1</Enabled><Caption dt:dt="string">Use of WaitForVerticalBlank when FlippingEnabled</Caption><Description dt:dt="string">The DisplayDevice.WaitForVerticalBlank E-Basic command is used when the DisplayDevice.FlippingEnabled property is set to Yes/True.  Calling WaitForVerticalBlank while flipping is enabled can cause timing concerns.</Description><DefinitionGuid dt:dt="string">{5762C01F-C62A-4DEE-A697-D59AF3626A6D}</DefinitionGuid></AdvisorModule><AdvisorModule><Present dt:dt="boolean">1</Present><Enabled dt:dt="boolean">1</Enabled><Caption dt:dt="string">Direct Canvas Commands</Caption><Description dt:dt="string">Detects when a Canvas command other than Copy is invoked that would directly alter the screen contents.  It is recommended to perform all Canvas drawing on an offscreen Canvas and then use the Copy method to display the contents to the screen.</Description><DefinitionGuid dt:dt="string">{E940F3DA-590B-4BD2-A7CA-B40803826403}</DefinitionGuid></AdvisorModule><AdvisorModule><Present dt:dt="boolean">1</Present><Enabled dt:dt="boolean">1</Enabled><Caption dt:dt="string">Evaluate SoundDevice.API</Caption><Description dt:dt="string">Detects when a SoundDevice is using the DirectSound(TM) API on Windows Vista or later which typically cannot achieve latency values under 30ms. ASIO or CoreAudio recommended for Windows Vista or later.  Use SoundTester to choose the most appropriate API for the experiment computer.</Description><DefinitionGuid dt:dt="string">{DBB1E77E-A3EA-4E7C-B6D5-A792F6EB6802}</DefinitionGuid></AdvisorModule></AdvisorModules><AdvisorModuleFindings><AdvisorModuleFinding><AdvisorModuleCaption dt:dt="string">Evaluate SoundDevice.API</AdvisorModuleCaption><AdvisorModuleDefinitionGuid dt:dt="string">{DBB1E77E-A3EA-4E7C-B6D5-A792F6EB6802}</AdvisorModuleDefinitionGuid><Category dt:dt="string">Design</Category><Message dt:dt="string">The 'Sound' device is using the DirectSound API on Windows Vista or later which typically cannot achieve latency values under 30ms. CoreAudio or ASIO APIs are recommended for Windows Vista or later.</Message><MessageUrlEscape dt:dt="string">The%20'Sound'%20device%20is%20using%20the%20DirectSound%20API%20on%20Windows%20Vista%20or%20later%20which%20typically%20cannot%20achieve%20latency%20values%20under%2030ms.%20CoreAudio%20or%20ASIO%20APIs%20are%20recommended%20for%20Windows%20Vista%20or%20later.</MessageUrlEscape><MessageCount dt:dt="int">1</MessageCount></AdvisorModuleFinding><AdvisorModuleFinding><AdvisorModuleCaption dt:dt="string">Duration not divisible by refresh rate</AdvisorModuleCaption><AdvisorModuleDefinitionGuid dt:dt="string">{4AD2EB1F-8E4A-4B24-A38C-1E0EE032A9EC}</AdvisorModuleDefinitionGuid><Category dt:dt="string">Timing</Category><Message dt:dt="string">The 'TrainingLead' object has its OnsetSync property set to (vertical blank) and a Duration value (1000) that is not divisible by the DisplayDevice calculated refresh rate (HZ), which can lead to larger OnsetDelay and other timing issues.</Message><MessageUrlEscape dt:dt="string">The%20'TrainingLead'%20object%20has%20its%20OnsetSync%20property%20set%20to%20(vertical%20blank)%20and%20a%20Duration%20value%20(1000)%20that%20is%20not%20divisible%20by%20the%20DisplayDevice%20calculated%20refresh%20rate%20(HZ),%20which%20can%20lead%20to%20larger%20OnsetDelay%20and%20other%20timing%20issues.</MessageUrlEscape><MessageCount dt:dt="int">1</MessageCount></AdvisorModuleFinding><AdvisorModuleFinding><AdvisorModuleCaption dt:dt="string">Duration not divisible by refresh rate</AdvisorModuleCaption><AdvisorModuleDefinitionGuid dt:dt="string">{4AD2EB1F-8E4A-4B24-A38C-1E0EE032A9EC}</AdvisorModuleDefinitionGuid><Category dt:dt="string">Timing</Category><Message dt:dt="string">The 'Reward' object has its OnsetSync property set to (vertical blank) and a Duration value (3000) that is not divisible by the DisplayDevice calculated refresh rate (HZ), which can lead to larger OnsetDelay and other timing issues.</Message><MessageUrlEscape dt:dt="string">The%20'Reward'%20object%20has%20its%20OnsetSync%20property%20set%20to%20(vertical%20blank)%20and%20a%20Duration%20value%20(3000)%20that%20is%20not%20divisible%20by%20the%20DisplayDevice%20calculated%20refresh%20rate%20(HZ),%20which%20can%20lead%20to%20larger%20OnsetDelay%20and%20other%20timing%20issues.</MessageUrlEscape><MessageCount dt:dt="int">258</MessageCount></AdvisorModuleFinding><AdvisorModuleFinding><AdvisorModuleCaption dt:dt="string">Duration not divisible by refresh rate</AdvisorModuleCaption><AdvisorModuleDefinitionGuid dt:dt="string">{4AD2EB1F-8E4A-4B24-A38C-1E0EE032A9EC}</AdvisorModuleDefinitionGuid><Category dt:dt="string">Timing</Category><Message dt:dt="string">The 'EndofPracticeLead' object has its OnsetSync property set to (vertical blank) and a Duration value (1000) that is not divisible by the DisplayDevice calculated refresh rate (HZ), which can lead to larger OnsetDelay and other timing issues.</Message><MessageUrlEscape dt:dt="string">The%20'EndofPracticeLead'%20object%20has%20its%20OnsetSync%20property%20set%20to%20(vertical%20blank)%20and%20a%20Duration%20value%20(1000)%20that%20is%20not%20divisible%20by%20the%20DisplayDevice%20calculated%20refresh%20rate%20(HZ),%20which%20can%20lead%20to%20larger%20OnsetDelay%20and%20other%20timing%20issues.</MessageUrlEscape><MessageCount dt:dt="int">1</MessageCount></AdvisorModuleFinding><AdvisorModuleFinding><AdvisorModuleCaption dt:dt="string">Duration not divisible by refresh rate</AdvisorModuleCaption><AdvisorModuleDefinitionGuid dt:dt="string">{4AD2EB1F-8E4A-4B24-A38C-1E0EE032A9EC}</AdvisorModuleDefinitionGuid><Category dt:dt="string">Timing</Category><Message dt:dt="string">The 'BreakTime' object has its OnsetSync property set to (vertical blank) and a Duration value (120000) that is not divisible by the DisplayDevice calculated refresh rate (HZ), which can lead to larger OnsetDelay and other timing issues.</Message><MessageUrlEscape dt:dt="string">The%20'BreakTime'%20object%20has%20its%20OnsetSync%20property%20set%20to%20(vertical%20blank)%20and%20a%20Duration%20value%20(120000)%20that%20is%20not%20divisible%20by%20the%20DisplayDevice%20calculated%20refresh%20rate%20(HZ),%20which%20can%20lead%20to%20larger%20OnsetDelay%20and%20other%20timing%20issues.</MessageUrlEscape><MessageCount dt:dt="int">2</MessageCount></AdvisorModuleFinding><AdvisorModuleFinding><AdvisorModuleCaption dt:dt="string">Duration not divisible by refresh rate</AdvisorModuleCaption><AdvisorModuleDefinitionGuid dt:dt="string">{4AD2EB1F-8E4A-4B24-A38C-1E0EE032A9EC}</AdvisorModuleDefinitionGuid><Category dt:dt="string">Timing</Category><Message dt:dt="string">The 'KnowledgeLead' object has its OnsetSync property set to (vertical blank) and a Duration value (1000) that is not divisible by the DisplayDevice calculated refresh rate (HZ), which can lead to larger OnsetDelay and other timing issues.</Message><MessageUrlEscape dt:dt="string">The%20'KnowledgeLead'%20object%20has%20its%20OnsetSync%20property%20set%20to%20(vertical%20blank)%20and%20a%20Duration%20value%20(1000)%20that%20is%20not%20divisible%20by%20the%20DisplayDevice%20calculated%20refresh%20rate%20(HZ),%20which%20can%20lead%20to%20larger%20OnsetDelay%20and%20other%20timing%20issues.</MessageUrlEscape><MessageCount dt:dt="int">1</MessageCount></AdvisorModuleFinding><AdvisorModuleFinding><AdvisorModuleCaption dt:dt="string">Duration not divisible by refresh rate</AdvisorModuleCaption><AdvisorModuleDefinitionGuid dt:dt="string">{4AD2EB1F-8E4A-4B24-A38C-1E0EE032A9EC}</AdvisorModuleDefinitionGuid><Category dt:dt="string">Timing</Category><Message dt:dt="string">The 'Outcome' object has its OnsetSync property set to (vertical blank) and a Duration value (2000) that is not divisible by the DisplayDevice calculated refresh rate (HZ), which can lead to larger OnsetDelay and other timing issues.</Message><MessageUrlEscape dt:dt="string">The%20'Outcome'%20object%20has%20its%20OnsetSync%20property%20set%20to%20(vertical%20blank)%20and%20a%20Duration%20value%20(2000)%20that%20is%20not%20divisible%20by%20the%20DisplayDevice%20calculated%20refresh%20rate%20(HZ),%20which%20can%20lead%20to%20larger%20OnsetDelay%20and%20other%20timing%20issues.</MessageUrlEscape><MessageCount dt:dt="int">85</MessageCount></AdvisorModuleFinding><AdvisorModuleFinding><AdvisorModuleCaption dt:dt="string">Duration not divisible by refresh rate</AdvisorModuleCaption><AdvisorModuleDefinitionGuid dt:dt="string">{4AD2EB1F-8E4A-4B24-A38C-1E0EE032A9EC}</AdvisorModuleDefinitionGuid><Category dt:dt="string">Timing</Category><Message dt:dt="string">The 'Feedback' object has its OnsetSync property set to (vertical blank) and a Duration value (3000) that is not divisible by the DisplayDevice calculated refresh rate (HZ), which can lead to larger OnsetDelay and other timing issues.</Message><MessageUrlEscape dt:dt="string">The%20'Feedback'%20object%20has%20its%20OnsetSync%20property%20set%20to%20(vertical%20blank)%20and%20a%20Duration%20value%20(3000)%20that%20is%20not%20divisible%20by%20the%20DisplayDevice%20calculated%20refresh%20rate%20(HZ),%20which%20can%20lead%20to%20larger%20OnsetDelay%20and%20other%20timing%20issues.</MessageUrlEscape><MessageCount dt:dt="int">85</MessageCount></AdvisorModuleFinding></AdvisorModuleFindings><Clock><Property><PropertyName dt:dt="string">Description</PropertyName><PropertyValue dt:dt="string">E-Prime Primary Realtime Clock</PropertyValue></Property><Property><PropertyName dt:dt="string">StartTimestamp</PropertyName><PropertyValue>0</PropertyValue></Property><Property><PropertyName dt:dt="string">StartDateUtc</PropertyName><PropertyValue dt:dt="string">2020-01-27T11:22:08Z</PropertyValue></Property><Property><PropertyName dt:dt="string">Guid</PropertyName><PropertyValue dt:dt="string">{10343DBD-55BE-45C7-AA62-A5239F6918AB}</PropertyValue></Property></Clock><Devices><Device><Property><PropertyName dt:dt="string">Name</PropertyName><PropertyValue dt:dt="string">Display</PropertyValue></Property><Property><PropertyName dt:dt="string">Type</PropertyName><PropertyValue dt:dt="string">DisplayDevice</PropertyValue></Property><Property><PropertyName dt:dt="string">DisplayIndex</PropertyName><PropertyValue>1</PropertyValue></Property><Property><PropertyName dt:dt="string">XRes</PropertyName><PropertyValue dt:dt="int">1920</PropertyValue></Property><Property><PropertyName dt:dt="string">YRes</PropertyName><PropertyValue dt:dt="int">1080</PropertyValue></Property><Property><PropertyName dt:dt="string">ColorDepth</PropertyName><PropertyValue dt:dt="int">32</PropertyValue></Property><Property><PropertyName dt:dt="string">RefreshRateRequested</PropertyName><PropertyValue dt:dt="int">0</PropertyValue></Property><Property><PropertyName dt:dt="string">RefreshRateCalculated</PropertyName><PropertyValue dt:dt="r8">60.0009000135002</PropertyValue></Property><Property><PropertyName dt:dt="string">RefreshAlignment</PropertyName><PropertyValue dt:dt="string">25%</PropertyValue></Property><Property><PropertyName dt:dt="string">FlippingEnabled</PropertyName><PropertyValue dt:dt="boolean">1</PropertyValue></Property></Device><Device><Property><PropertyName dt:dt="string">Name</PropertyName><PropertyValue dt:dt="string">Sound</PropertyValue></Property><Property><PropertyName dt:dt="string">Type</PropertyName><PropertyValue dt:dt="string">SoundDevice</PropertyValue></Property><Property><PropertyName dt:dt="string">API</PropertyName><PropertyValue dt:dt="string">DirectSound</PropertyValue></Property><Property><PropertyName dt:dt="string">DeviceIndex</PropertyName><PropertyValue dt:dt="int">1</PropertyValue></Property><Property><PropertyName dt:dt="string">Channels</PropertyName><PropertyValue dt:dt="int">0</PropertyValue></Property><Property><PropertyName dt:dt="string">SamplesPerSecond</PropertyName><PropertyValue dt:dt="int">0</PropertyValue></Property><Property><PropertyName dt:dt="string">BitsPerSample</PropertyName><PropertyValue dt:dt="int">0</PropertyValue></Property></Device><Device><Property><PropertyName dt:dt="string">Name</PropertyName><PropertyValue dt:dt="string">Mouse</PropertyValue></Property><Property><PropertyName dt:dt="string">Type</PropertyName><PropertyValue dt:dt="string">MouseInputDevice</PropertyValue></Property><Property><PropertyName dt:dt="string">CollectionMode</PropertyName><PropertyValue dt:dt="string">Presses Only</PropertyValue></Property><Property><PropertyName dt:dt="string">EmulateDevice</PropertyName><PropertyValue dt:dt="string">(none)</PropertyValue></Property><Property><PropertyName dt:dt="string">OpenMode</PropertyName><PropertyValue dt:dt="string">Direct</PropertyValue></Property><Property><PropertyName dt:dt="string">ShowCursor</PropertyName><PropertyValue dt:dt="string">No</PropertyValue></Property></Device><Device><Property><PropertyName dt:dt="string">Name</PropertyName><PropertyValue dt:dt="string">Keyboard</PropertyValue></Property><Property><PropertyName dt:dt="string">Type</PropertyName><PropertyValue dt:dt="string">KeyboardInputDevice</PropertyValue></Property><Property><PropertyName dt:dt="string">CollectionMode</PropertyName><PropertyValue dt:dt="string">Presses Only</PropertyValue></Property><Property><PropertyName dt:dt="string">EmulateDevice</PropertyName><PropertyValue dt:dt="string">(none)</PropertyValue></Property><Property><PropertyName dt:dt="string">CapsLock</PropertyName><PropertyValue dt:dt="string">No</PropertyValue></Property><Property><PropertyName dt:dt="string">NumLock</PropertyName><PropertyValue dt:dt="string">No</PropertyValue></Property></Device><Device><Property><PropertyName dt:dt="string">Name</PropertyName><PropertyValue dt:dt="string">Joystick</PropertyValue></Property><Property><PropertyName dt:dt="string">Type</PropertyName><PropertyValue dt:dt="string">JoystickInputDevice</PropertyValue></Property><Property><PropertyName dt:dt="string">CollectionMode</PropertyName><PropertyValue dt:dt="string">Presses Only</PropertyValue></Property><Property><PropertyName dt:dt="string">EmulateDevice</PropertyName><PropertyValue dt:dt="string">(none)</PropertyValue></Property><Property><PropertyName dt:dt="string">Name</PropertyName><PropertyValue dt:dt="int">1</PropertyValue></Property><Property><PropertyName dt:dt="string">ShowCursor</PropertyName><PropertyValue dt:dt="string">Yes</PropertyValue></Property><Property><PropertyName dt:dt="string">DeviceSystemName</PropertyName><PropertyValue dt:dt="string">USB Game Controllers</PropertyValue></Property></Device></Devices><RunningApplications><RunningApplication><ImageName dt:dt="string">[System Process]</ImageName><ProcessID dt:dt="string">0</ProcessID><WorkingSetSizeKB dt:dt="string"> </WorkingSetSizeKB><ImageFullName dt:dt="string"> </ImageFullName><ImageSize dt:dt="string"> </ImageSize><FileVersion dt:dt="string"> </FileVersion><LastModifiedDateTime dt:dt="string"> </LastModifiedDateTime></RunningApplication><RunningApplication><ImageName dt:dt="string">System</ImageName><ProcessID dt:dt="string">4</ProcessID><WorkingSetSizeKB dt:dt="string"> </WorkingSetSizeKB><ImageFullName dt:dt="string"> </ImageFullName><ImageSize dt:dt="string"> </ImageSize><FileVersion dt:dt="string"> </FileVersion><LastModifiedDateTime dt:dt="string"> </LastModifiedDateTime></RunningApplication><RunningApplication><ImageName dt:dt="string">Secure System</ImageName><ProcessID dt:dt="string">64</ProcessID><WorkingSetSizeKB dt:dt="string"> </WorkingSetSizeKB><ImageFullName dt:dt="string"> </ImageFullName><ImageSize dt:dt="string"> </ImageSize><FileVersion dt:dt="string"> </FileVersion><LastModifiedDateTime dt:dt="string"> </LastModifiedDateTime></RunningApplication><RunningApplication><ImageName dt:dt="string">Registry</ImageName><ProcessID dt:dt="string">128</ProcessID><WorkingSetSizeKB dt:dt="string"> </WorkingSetSizeKB><ImageFullName dt:dt="string"> </ImageFullName><ImageSize dt:dt="string"> </ImageSize><FileVersion dt:dt="string"> </FileVersion><LastModifiedDateTime dt:dt="string"> </LastModifiedDateTime></RunningApplication><RunningApplication><ImageName dt:dt="string">smss.exe</ImageName><ProcessID dt:dt="string">540</ProcessID><WorkingSetSizeKB dt:dt="string"> </WorkingSetSizeKB><ImageFullName dt:dt="string"> </ImageFullName><ImageSize dt:dt="string"> </ImageSize><FileVersion dt:dt="string"> </FileVersion><LastModifiedDateTime dt:dt="string"> </LastModifiedDateTime></RunningApplication><RunningApplication><ImageName dt:dt="string">csrss.exe</ImageName><ProcessID dt:dt="string">768</ProcessID><WorkingSetSizeKB dt:dt="string"> </WorkingSetSizeKB><ImageFullName dt:dt="string"> </ImageFullName><ImageSize dt:dt="string"> </ImageSize><FileVersion dt:dt="string"> </FileVersion><LastModifiedDateTime dt:dt="string"> </LastModifiedDateTime></RunningApplication><RunningApplication><ImageName dt:dt="string">wininit.exe</ImageName><ProcessID dt:dt="string">852</ProcessID><WorkingSetSizeKB dt:dt="string"> </WorkingSetSizeKB><ImageFullName dt:dt="string"> </ImageFullName><ImageSize dt:dt="string"> </ImageSize><FileVersion dt:dt="string"> </FileVersion><LastModifiedDateTime dt:dt="string"> </LastModifiedDateTime></RunningApplication><RunningApplication><ImageName dt:dt="string">csrss.exe</ImageName><ProcessID dt:dt="string">860</ProcessID><WorkingSetSizeKB dt:dt="string"> </WorkingSetSizeKB><ImageFullName dt:dt="string"> </ImageFullName><ImageSize dt:dt="string"> </ImageSize><FileVersion dt:dt="string"> </FileVersion><LastModifiedDateTime dt:dt="string"> </LastModifiedDateTime></RunningApplication><RunningApplication><ImageName dt:dt="string">winlogon.exe</ImageName><ProcessID dt:dt="string">948</ProcessID><WorkingSetSizeKB dt:dt="string"> </WorkingSetSizeKB><ImageFullName dt:dt="string"> </ImageFullName><ImageSize dt:dt="string"> </ImageSize><FileVersion dt:dt="string"> </FileVersion><LastModifiedDateTime dt:dt="string"> </LastModifiedDateTime></RunningApplication><RunningApplication><ImageName dt:dt="string">services.exe</ImageName><ProcessID dt:dt="string">992</ProcessID><WorkingSetSizeKB dt:dt="string"> </WorkingSetSizeKB><ImageFullName dt:dt="string"> </ImageFullName><ImageSize dt:dt="string"> </ImageSize><FileVersion dt:dt="string"> </FileVersion><LastModifiedDateTime dt:dt="string"> </LastModifiedDateTime></RunningApplication><RunningApplication><ImageName dt:dt="string">LsaIso.exe</ImageName><ProcessID dt:dt="string">1012</ProcessID><WorkingSetSizeKB dt:dt="string"> </WorkingSetSizeKB><ImageFullName dt:dt="string"> </ImageFullName><ImageSize dt:dt="string"> </ImageSize><FileVersion dt:dt="string"> </FileVersion><LastModifiedDateTime dt:dt="string"> </LastModifiedDateTime></RunningApplication><RunningApplication><ImageName dt:dt="string">lsass.exe</ImageName><ProcessID dt:dt="string">1020</ProcessID><WorkingSetSizeKB dt:dt="string"> </WorkingSetSizeKB><ImageFullName dt:dt="string"> </ImageFullName><ImageSize dt:dt="string"> </ImageSize><FileVersion dt:dt="string"> </FileVersion><LastModifiedDateTime dt:dt="string"> </LastModifiedDateTime></RunningApplication><RunningApplication><ImageName dt:dt="string">svchost.exe</ImageName><ProcessID dt:dt="string">1036</ProcessID><WorkingSetSizeKB dt:dt="string"> </WorkingSetSizeKB><ImageFullName dt:dt="string"> </ImageFullName><ImageSize dt:dt="string"> </ImageSize><FileVersion dt:dt="string"> </FileVersion><LastModifiedDateTime dt:dt="string"> </LastModifiedDateTime></RunningApplication><RunningApplication><ImageName dt:dt="string">svchost.exe</ImageName><ProcessID dt:dt="string">1060</ProcessID><WorkingSetSizeKB dt:dt="string"> </WorkingSetSizeKB><ImageFullName dt:dt="string"> </ImageFullName><ImageSize dt:dt="string"> </ImageSize><FileVersion dt:dt="string"> </FileVersion><LastModifiedDateTime dt:dt="string"> </LastModifiedDateTime></RunningApplication><RunningApplication><ImageName dt:dt="string">fontdrvhost.exe</ImageName><ProcessID dt:dt="string">1088</ProcessID><WorkingSetSizeKB dt:dt="string"> </WorkingSetSizeKB><ImageFullName dt:dt="string"> </ImageFullName><ImageSize dt:dt="string"> </ImageSize><FileVersion dt:dt="string"> </FileVersion><LastModifiedDateTime dt:dt="string"> </LastModifiedDateTime></RunningApplication><RunningApplication><ImageName dt:dt="string">fontdrvhost.exe</ImageName><ProcessID dt:dt="string">1096</ProcessID><WorkingSetSizeKB dt:dt="string"> </WorkingSetSizeKB><ImageFullName dt:dt="string"> </ImageFullName><ImageSize dt:dt="string"> </ImageSize><FileVersion dt:dt="string"> </FileVersion><LastModifiedDateTime dt:dt="string"> </LastModifiedDateTime></RunningApplication><RunningApplication><ImageName dt:dt="string">svchost.exe</ImageName><ProcessID dt:dt="string">1180</ProcessID><WorkingSetSizeKB dt:dt="string"> </WorkingSetSizeKB><ImageFullName dt:dt="string"> </ImageFullName><ImageSize dt:dt="string"> </ImageSize><FileVersion dt:dt="string"> </FileVersion><LastModifiedDateTime dt:dt="string"> </LastModifiedDateTime></RunningApplication><RunningApplication><ImageName dt:dt="string">svchost.exe</ImageName><ProcessID dt:dt="string">1228</ProcessID><WorkingSetSizeKB dt:dt="string"> </WorkingSetSizeKB><ImageFullName dt:dt="string"> </ImageFullName><ImageSize dt:dt="string"> </ImageSize><FileVersion dt:dt="string"> </FileVersion><LastModifiedDateTime dt:dt="string"> </LastModifiedDateTime></RunningApplication><RunningApplication><ImageName dt:dt="string">svchost.exe</ImageName><ProcessID dt:dt="string">1300</ProcessID><WorkingSetSizeKB dt:dt="string"> </WorkingSetSizeKB><ImageFullName dt:dt="string"> </ImageFullName><ImageSize dt:dt="string"> </ImageSize><FileVersion dt:dt="string"> </FileVersion><LastModifiedDateTime dt:dt="string"> </LastModifiedDateTime></RunningApplication><RunningApplication><ImageName dt:dt="string">svchost.exe</ImageName><ProcessID dt:dt="string">1372</ProcessID><WorkingSetSizeKB dt:dt="string"> </WorkingSetSizeKB><ImageFullName dt:dt="string"> </ImageFullName><ImageSize dt:dt="string"> </ImageSize><FileVersion dt:dt="string"> </FileVersion><LastModifiedDateTime dt:dt="string"> </LastModifiedDateTime></RunningApplication><RunningApplication><ImageName dt:dt="string">dwm.exe</ImageName><ProcessID dt:dt="string">1420</ProcessID><WorkingSetSizeKB dt:dt="string"> </WorkingSetSizeKB><ImageFullName dt:dt="string"> </ImageFullName><ImageSize dt:dt="string"> </ImageSize><FileVersion dt:dt="string"> </FileVersion><LastModifiedDateTime dt:dt="string"> </LastModifiedDateTime></RunningApplication><RunningApplication><ImageName dt:dt="string">svchost.exe</ImageName><ProcessID dt:dt="string">1496</ProcessID><WorkingSetSizeKB dt:dt="string"> </WorkingSetSizeKB><ImageFullName dt:dt="string"> </ImageFullName><ImageSize dt:dt="string"> </ImageSize><FileVersion dt:dt="string"> </FileVersion><LastModifiedDateTime dt:dt="string"> </LastModifiedDateTime></RunningApplication><RunningApplication><ImageName dt:dt="string">svchost.exe</ImageName><ProcessID dt:dt="string">1504</ProcessID><WorkingSetSizeKB dt:dt="string"> </WorkingSetSizeKB><ImageFullName dt:dt="string"> </ImageFullName><ImageSize dt:dt="string"> </ImageSize><FileVersion dt:dt="string"> </FileVersion><LastModifiedDateTime dt:dt="string"> </LastModifiedDateTime></RunningApplication><RunningApplication><ImageName dt:dt="string">svchost.exe</ImageName><ProcessID dt:dt="string">1528</ProcessID><WorkingSetSizeKB dt:dt="string"> </WorkingSetSizeKB><ImageFullName dt:dt="string"> </ImageFullName><ImageSize dt:dt="string"> </ImageSize><FileVersion dt:dt="string"> </FileVersion><LastModifiedDateTime dt:dt="string"> </LastModifiedDateTime></RunningApplication><RunningApplication><ImageName dt:dt="string">svchost.exe</ImageName><ProcessID dt:dt="string">1540</ProcessID><WorkingSetSizeKB dt:dt="string"> </WorkingSetSizeKB><ImageFullName dt:dt="string"> </ImageFullName><ImageSize dt:dt="string"> </ImageSize><FileVersion dt:dt="string"> </FileVersion><LastModifiedDateTime dt:dt="string"> </LastModifiedDateTime></RunningApplication><RunningApplication><ImageName dt:dt="string">svchost.exe</ImageName><ProcessID dt:dt="string">1560</ProcessID><WorkingSetSizeKB dt:dt="string"> </WorkingSetSizeKB><ImageFullName dt:dt="string"> </ImageFullName><ImageSize dt:dt="string"> </ImageSize><FileVersion dt:dt="string"> </FileVersion><LastModifiedDateTime dt:dt="string"> </LastModifiedDateTime></RunningApplication><RunningApplication><ImageName dt:dt="string">svchost.exe</ImageName><ProcessID dt:dt="string">1692</ProcessID><WorkingSetSizeKB dt:dt="string"> </WorkingSetSizeKB><ImageFullName dt:dt="string"> </ImageFullName><ImageSize dt:dt="string"> </ImageSize><FileVersion dt:dt="string"> </FileVersion><LastModifiedDateTime dt:dt="string"> </LastModifiedDateTime></RunningApplication><RunningApplication><ImageName dt:dt="string">svchost.exe</ImageName><ProcessID dt:dt="string">1740</ProcessID><WorkingSetSizeKB dt:dt="string"> </WorkingSetSizeKB><ImageFullName dt:dt="string"> </ImageFullName><ImageSize dt:dt="string"> </ImageSize><FileVersion dt:dt="string"> </FileVersion><LastModifiedDateTime dt:dt="string"> </LastModifiedDateTime></RunningApplication><RunningApplication><ImageName dt:dt="string">svchost.exe</ImageName><ProcessID dt:dt="string">1752</ProcessID><WorkingSetSizeKB dt:dt="string"> </WorkingSetSizeKB><ImageFullName dt:dt="string"> </ImageFullName><ImageSize dt:dt="string"> </ImageSize><FileVersion dt:dt="string"> </FileVersion><LastModifiedDateTime dt:dt="string"> </LastModifiedDateTime></RunningApplication><RunningApplication><ImageName dt:dt="string">svchost.exe</ImageName><ProcessID dt:dt="string">1760</ProcessID><WorkingSetSizeKB dt:dt="string"> </WorkingSetSizeKB><ImageFullName dt:dt="string"> </ImageFullName><ImageSize dt:dt="string"> </ImageSize><FileVersion dt:dt="string"> </FileVersion><LastModifiedDateTime dt:dt="string"> </LastModifiedDateTime></RunningApplication><RunningApplication><ImageName dt:dt="string">svchost.exe</ImageName><ProcessID dt:dt="string">1768</ProcessID><WorkingSetSizeKB dt:dt="string"> </WorkingSetSizeKB><ImageFullName dt:dt="string"> </ImageFullName><ImageSize dt:dt="string"> </ImageSize><FileVersion dt:dt="string"> </FileVersion><LastModifiedDateTime dt:dt="string"> </LastModifiedDateTime></RunningApplication><RunningApplication><ImageName dt:dt="string">svchost.exe</ImageName><ProcessID dt:dt="string">1900</ProcessID><WorkingSetSizeKB dt:dt="string"> </WorkingSetSizeKB><ImageFullName dt:dt="string"> </ImageFullName><ImageSize dt:dt="string"> </ImageSize><FileVersion dt:dt="string"> </FileVersion><LastModifiedDateTime dt:dt="string"> </LastModifiedDateTime></RunningApplication><RunningApplication><ImageName dt:dt="string">svchost.exe</ImageName><ProcessID dt:dt="string">1960</ProcessID><WorkingSetSizeKB dt:dt="string"> </WorkingSetSizeKB><ImageFullName dt:dt="string"> </ImageFullName><ImageSize dt:dt="string"> </ImageSize><FileVersion dt:dt="string"> </FileVersion><LastModifiedDateTime dt:dt="string"> </LastModifiedDateTime></RunningApplication><RunningApplication><ImageName dt:dt="string">svchost.exe</ImageName><ProcessID dt:dt="string">1976</ProcessID><WorkingSetSizeKB dt:dt="string"> </WorkingSetSizeKB><ImageFullName dt:dt="string"> </ImageFullName><ImageSize dt:dt="string"> </ImageSize><FileVersion dt:dt="string"> </FileVersion><LastModifiedDateTime dt:dt="string"> </LastModifiedDateTime></RunningApplication><RunningApplication><ImageName dt:dt="string">svchost.exe</ImageName><ProcessID dt:dt="string">1984</ProcessID><WorkingSetSizeKB dt:dt="string"> </WorkingSetSizeKB><ImageFullName dt:dt="string"> </ImageFullName><ImageSize dt:dt="string"> </ImageSize><FileVersion dt:dt="string"> </FileVersion><LastModifiedDateTime dt:dt="string"> </LastModifiedDateTime></RunningApplication><RunningApplication><ImageName dt:dt="string">svchost.exe</ImageName><ProcessID dt:dt="string">1224</ProcessID><WorkingSetSizeKB dt:dt="string"> </WorkingSetSizeKB><ImageFullName dt:dt="string"> </ImageFullName><ImageSize dt:dt="string"> </ImageSize><FileVersion dt:dt="string"> </FileVersion><LastModifiedDateTime dt:dt="string"> </LastModifiedDateTime></RunningApplication><RunningApplication><ImageName dt:dt="string">svchost.exe</ImageName><ProcessID dt:dt="string">2108</ProcessID><WorkingSetSizeKB dt:dt="string"> </WorkingSetSizeKB><ImageFullName dt:dt="string"> </ImageFullName><ImageSize dt:dt="string"> </ImageSize><FileVersion dt:dt="string"> </FileVersion><LastModifiedDateTime dt:dt="string"> </LastModifiedDateTime></RunningApplication><RunningApplication><ImageName dt:dt="string">svchost.exe</ImageName><ProcessID dt:dt="string">2180</ProcessID><WorkingSetSizeKB dt:dt="string"> </WorkingSetSizeKB><ImageFullName dt:dt="string"> </ImageFullName><ImageSize dt:dt="string"> </ImageSize><FileVersion dt:dt="string"> </FileVersion><LastModifiedDateTime dt:dt="string"> </LastModifiedDateTime></RunningApplication><RunningApplication><ImageName dt:dt="string">svchost.exe</ImageName><ProcessID dt:dt="string">2192</ProcessID><WorkingSetSizeKB dt:dt="string"> </WorkingSetSizeKB><ImageFullName dt:dt="string"> </ImageFullName><ImageSize dt:dt="string"> </ImageSize><FileVersion dt:dt="string"> </FileVersion><LastModifiedDateTime dt:dt="string"> </LastModifiedDateTime></RunningApplication><RunningApplication><ImageName dt:dt="string">svchost.exe</ImageName><ProcessID dt:dt="string">2252</ProcessID><WorkingSetSizeKB dt:dt="string"> </WorkingSetSizeKB><ImageFullName dt:dt="string"> </ImageFullName><ImageSize dt:dt="string"> </ImageSize><FileVersion dt:dt="string"> </FileVersion><LastModifiedDateTime dt:dt="string"> </LastModifiedDateTime></RunningApplication><RunningApplication><ImageName dt:dt="string">svchost.exe</ImageName><ProcessID dt:dt="string">2280</ProcessID><WorkingSetSizeKB dt:dt="string"> </WorkingSetSizeKB><ImageFullName dt:dt="string"> </ImageFullName><ImageSize dt:dt="string"> </ImageSize><FileVersion dt:dt="string"> </FileVersion><LastModifiedDateTime dt:dt="string"> </LastModifiedDateTime></RunningApplication><RunningApplication><ImageName dt:dt="string">svchost.exe</ImageName><ProcessID dt:dt="string">2352</ProcessID><WorkingSetSizeKB dt:dt="string"> </WorkingSetSizeKB><ImageFullName dt:dt="string"> </ImageFullName><ImageSize dt:dt="string"> </ImageSize><FileVersion dt:dt="string"> </FileVersion><LastModifiedDateTime dt:dt="string"> </LastModifiedDateTime></RunningApplication><RunningApplication><ImageName dt:dt="string">svchost.exe</ImageName><ProcessID dt:dt="string">2372</ProcessID><WorkingSetSizeKB dt:dt="string"> </WorkingSetSizeKB><ImageFullName dt:dt="string"> </ImageFullName><ImageSize dt:dt="string"> </ImageSize><FileVersion dt:dt="string"> </FileVersion><LastModifiedDateTime dt:dt="string"> </LastModifiedDateTime></RunningApplication><RunningApplication><ImageName dt:dt="string">svchost.exe</ImageName><ProcessID dt:dt="string">2400</ProcessID><WorkingSetSizeKB dt:dt="string"> </WorkingSetSizeKB><ImageFullName dt:dt="string"> </ImageFullName><ImageSize dt:dt="string"> </ImageSize><FileVersion dt:dt="string"> </FileVersion><LastModifiedDateTime dt:dt="string"> </LastModifiedDateTime></RunningApplication><RunningApplication><ImageName dt:dt="string">Memory Compression</ImageName><ProcessID dt:dt="string">2632</ProcessID><WorkingSetSizeKB dt:dt="string"> </WorkingSetSizeKB><ImageFullName dt:dt="string"> </ImageFullName><ImageSize dt:dt="string"> </ImageSize><FileVersion dt:dt="string"> </FileVersion><LastModifiedDateTime dt:dt="string"> </LastModifiedDateTime></RunningApplication><RunningApplication><ImageName dt:dt="string">svchost.exe</ImageName><ProcessID dt:dt="string">2648</ProcessID><WorkingSetSizeKB dt:dt="string"> </WorkingSetSizeKB><ImageFullName dt:dt="string"> </ImageFullName><ImageSize dt:dt="string"> </ImageSize><FileVersion dt:dt="string"> </FileVersion><LastModifiedDateTime dt:dt="string"> </LastModifiedDateTime></RunningApplication><RunningApplication><ImageName dt:dt="string">svchost.exe</ImageName><ProcessID dt:dt="string">2656</ProcessID><WorkingSetSizeKB dt:dt="string"> </WorkingSetSizeKB><ImageFullName dt:dt="string"> </ImageFullName><ImageSize dt:dt="string"> </ImageSize><FileVersion dt:dt="string"> </FileVersion><LastModifiedDateTime dt:dt="string"> </LastModifiedDateTime></RunningApplication><RunningApplication><ImageName dt:dt="string">svchost.exe</ImageName><ProcessID dt:dt="string">2716</ProcessID><WorkingSetSizeKB dt:dt="string"> </WorkingSetSizeKB><ImageFullName dt:dt="string"> </ImageFullName><ImageSize dt:dt="string"> </ImageSize><FileVersion dt:dt="string"> </FileVersion><LastModifiedDateTime dt:dt="string"> </LastModifiedDateTime></RunningApplication><RunningApplication><ImageName dt:dt="string">igfxCUIService.exe</ImageName><ProcessID dt:dt="string">2728</ProcessID><WorkingSetSizeKB dt:dt="string"> </WorkingSetSizeKB><ImageFullName dt:dt="string"> </ImageFullName><ImageSize dt:dt="string"> </ImageSize><FileVersion dt:dt="string"> </FileVersion><LastModifiedDateTime dt:dt="string"> </LastModifiedDateTime></RunningApplication><RunningApplication><ImageName dt:dt="string">svchost.exe</ImageName><ProcessID dt:dt="string">2772</ProcessID><WorkingSetSizeKB dt:dt="string"> </WorkingSetSizeKB><ImageFullName dt:dt="string"> </ImageFullName><ImageSize dt:dt="string"> </ImageSize><FileVersion dt:dt="string"> </FileVersion><LastModifiedDateTime dt:dt="string"> </LastModifiedDateTime></RunningApplication><RunningApplication><ImageName dt:dt="string">svchost.exe</ImageName><ProcessID dt:dt="string">2836</ProcessID><WorkingSetSizeKB dt:dt="string"> </WorkingSetSizeKB><ImageFullName dt:dt="string"> </ImageFullName><ImageSize dt:dt="string"> </ImageSize><FileVersion dt:dt="string"> </FileVersion><LastModifiedDateTime dt:dt="string"> </LastModifiedDateTime></RunningApplication><RunningApplication><ImageName dt:dt="string">svchost.exe</ImageName><ProcessID dt:dt="string">2844</ProcessID><WorkingSetSizeKB dt:dt="string"> </WorkingSetSizeKB><ImageFullName dt:dt="string"> </ImageFullName><ImageSize dt:dt="string"> </ImageSize><FileVersion dt:dt="string"> </FileVersion><LastModifiedDateTime dt:dt="string"> </LastModifiedDateTime></RunningApplication><RunningApplication><ImageName dt:dt="string">svchost.exe</ImageName><ProcessID dt:dt="string">2936</ProcessID><WorkingSetSizeKB dt:dt="string"> </WorkingSetSizeKB><ImageFullName dt:dt="string"> </ImageFullName><ImageSize dt:dt="string"> </ImageSize><FileVersion dt:dt="string"> </FileVersion><LastModifiedDateTime dt:dt="string"> </LastModifiedDateTime></RunningApplication><RunningApplication><ImageName dt:dt="string">svchost.exe</ImageName><ProcessID dt:dt="string">3036</ProcessID><WorkingSetSizeKB dt:dt="string"> </WorkingSetSizeKB><ImageFullName dt:dt="string"> </ImageFullName><ImageSize dt:dt="string"> </ImageSize><FileVersion dt:dt="string"> </FileVersion><LastModifiedDateTime dt:dt="string"> </LastModifiedDateTime></RunningApplication><RunningApplication><ImageName dt:dt="string">svchost.exe</ImageName><ProcessID dt:dt="string">2436</ProcessID><WorkingSetSizeKB dt:dt="string"> </WorkingSetSizeKB><ImageFullName dt:dt="string"> </ImageFullName><ImageSize dt:dt="string"> </ImageSize><FileVersion dt:dt="string"> </FileVersion><LastModifiedDateTime dt:dt="string"> </LastModifiedDateTime></RunningApplication><RunningApplication><ImageName dt:dt="string">svchost.exe</ImageName><ProcessID dt:dt="string">3112</ProcessID><WorkingSetSizeKB dt:dt="string"> </WorkingSetSizeKB><ImageFullName dt:dt="string"> </ImageFullName><ImageSize dt:dt="string"> </ImageSize><FileVersion dt:dt="string"> </FileVersion><LastModifiedDateTime dt:dt="string"> </LastModifiedDateTime></RunningApplication><RunningApplication><ImageName dt:dt="string">svchost.exe</ImageName><ProcessID dt:dt="string">3164</ProcessID><WorkingSetSizeKB dt:dt="string"> </WorkingSetSizeKB><ImageFullName dt:dt="string"> </ImageFullName><ImageSize dt:dt="string"> </ImageSize><FileVersion dt:dt="string"> </FileVersion><LastModifiedDateTime dt:dt="string"> </LastModifiedDateTime></RunningApplication><RunningApplication><ImageName dt:dt="string">svchost.exe</ImageName><ProcessID dt:dt="string">3192</ProcessID><WorkingSetSizeKB dt:dt="string"> </WorkingSetSizeKB><ImageFullName dt:dt="string"> </ImageFullName><ImageSize dt:dt="string"> </ImageSize><FileVersion dt:dt="string"> </FileVersion><LastModifiedDateTime dt:dt="string"> </LastModifiedDateTime></RunningApplication><RunningApplication><ImageName dt:dt="string">svchost.exe</ImageName><ProcessID dt:dt="string">3200</ProcessID><WorkingSetSizeKB dt:dt="string"> </WorkingSetSizeKB><ImageFullName dt:dt="string"> </ImageFullName><ImageSize dt:dt="string"> </ImageSize><FileVersion dt:dt="string"> </FileVersion><LastModifiedDateTime dt:dt="string"> </LastModifiedDateTime></RunningApplication><RunningApplication><ImageName dt:dt="string">svchost.exe</ImageName><ProcessID dt:dt="string">3280</ProcessID><WorkingSetSizeKB dt:dt="string"> </WorkingSetSizeKB><ImageFullName dt:dt="string"> </ImageFullName><ImageSize dt:dt="string"> </ImageSize><FileVersion dt:dt="string"> </FileVersion><LastModifiedDateTime dt:dt="string"> </LastModifiedDateTime></RunningApplication><RunningApplication><ImageName dt:dt="string">svchost.exe</ImageName><ProcessID dt:dt="string">3724</ProcessID><WorkingSetSizeKB dt:dt="string"> </WorkingSetSizeKB><ImageFullName dt:dt="string"> </ImageFullName><ImageSize dt:dt="string"> </ImageSize><FileVersion dt:dt="string"> </FileVersion><LastModifiedDateTime dt:dt="string"> </LastModifiedDateTime></RunningApplication><RunningApplication><ImageName dt:dt="string">FNPLicensingService64.exe</ImageName><ProcessID dt:dt="string">3736</ProcessID><WorkingSetSizeKB dt:dt="string"> </WorkingSetSizeKB><ImageFullName dt:dt="string"> </ImageFullName><ImageSize dt:dt="string"> </ImageSize><FileVersion dt:dt="string"> </FileVersion><LastModifiedDateTime dt:dt="string"> </LastModifiedDateTime></RunningApplication><RunningApplication><ImageName dt:dt="string">AdobeUpdateService.exe</ImageName><ProcessID dt:dt="string">3744</ProcessID><WorkingSetSizeKB dt:dt="string"> </WorkingSetSizeKB><ImageFullName dt:dt="string"> </ImageFullName><ImageSize dt:dt="string"> </ImageSize><FileVersion dt:dt="string"> </FileVersion><LastModifiedDateTime dt:dt="string"> </LastModifiedDateTime></RunningApplication><RunningApplication><ImageName dt:dt="string">cssvc.exe</ImageName><ProcessID dt:dt="string">3772</ProcessID><WorkingSetSizeKB dt:dt="string"> </WorkingSetSizeKB><ImageFullName dt:dt="string"> </ImageFullName><ImageSize dt:dt="string"> </ImageSize><FileVersion dt:dt="string"> </FileVersion><LastModifiedDateTime dt:dt="string"> </LastModifiedDateTime></RunningApplication><RunningApplication><ImageName dt:dt="string">svchost.exe</ImageName><ProcessID dt:dt="string">3780</ProcessID><WorkingSetSizeKB dt:dt="string"> </WorkingSetSizeKB><ImageFullName dt:dt="string"> </ImageFullName><ImageSize dt:dt="string"> </ImageSize><FileVersion dt:dt="string"> </FileVersion><LastModifiedDateTime dt:dt="string"> </LastModifiedDateTime></RunningApplication><RunningApplication><ImageName dt:dt="string">IntelCpHDCPSvc.exe</ImageName><ProcessID dt:dt="string">3792</ProcessID><WorkingSetSizeKB dt:dt="string"> </WorkingSetSizeKB><ImageFullName dt:dt="string"> </ImageFullName><ImageSize dt:dt="string"> </ImageSize><FileVersion dt:dt="string"> </FileVersion><LastModifiedDateTime dt:dt="string"> </LastModifiedDateTime></RunningApplication><RunningApplication><ImageName dt:dt="string">OfficeClickToRun.exe</ImageName><ProcessID dt:dt="string">3804</ProcessID><WorkingSetSizeKB dt:dt="string"> </WorkingSetSizeKB><ImageFullName dt:dt="string"> </ImageFullName><ImageSize dt:dt="string"> </ImageSize><FileVersion dt:dt="string"> </FileVersion><LastModifiedDateTime dt:dt="string"> </LastModifiedDateTime></RunningApplication><RunningApplication><ImageName dt:dt="string">FNPLicensingService.exe</ImageName><ProcessID dt:dt="string">3812</ProcessID><WorkingSetSizeKB dt:dt="string"> </WorkingSetSizeKB><ImageFullName dt:dt="string"> </ImageFullName><ImageSize dt:dt="string"> </ImageSize><FileVersion dt:dt="string"> </FileVersion><LastModifiedDateTime dt:dt="string"> </LastModifiedDateTime></RunningApplication><RunningApplication><ImageName dt:dt="string">AGSService.exe</ImageName><ProcessID dt:dt="string">3828</ProcessID><WorkingSetSizeKB dt:dt="string"> </WorkingSetSizeKB><ImageFullName dt:dt="string"> </ImageFullName><ImageSize dt:dt="string"> </ImageSize><FileVersion dt:dt="string"> </FileVersion><LastModifiedDateTime dt:dt="string"> </LastModifiedDateTime></RunningApplication><RunningApplication><ImageName dt:dt="string">AGMService.exe</ImageName><ProcessID dt:dt="string">3836</ProcessID><WorkingSetSizeKB dt:dt="string"> </WorkingSetSizeKB><ImageFullName dt:dt="string"> </ImageFullName><ImageSize dt:dt="string"> </ImageSize><FileVersion dt:dt="string"> </FileVersion><LastModifiedDateTime dt:dt="string"> </LastModifiedDateTime></RunningApplication><RunningApplication><ImageName dt:dt="string">AppVClient.exe</ImageName><ProcessID dt:dt="string">3900</ProcessID><WorkingSetSizeKB dt:dt="string"> </WorkingSetSizeKB><ImageFullName dt:dt="string"> </ImageFullName><ImageSize dt:dt="string"> </ImageSize><FileVersion dt:dt="string"> </FileVersion><LastModifiedDateTime dt:dt="string"> </LastModifiedDateTime></RunningApplication><RunningApplication><ImageName dt:dt="string">svchost.exe</ImageName><ProcessID dt:dt="string">4000</ProcessID><WorkingSetSizeKB dt:dt="string"> </WorkingSetSizeKB><ImageFullName dt:dt="string"> </ImageFullName><ImageSize dt:dt="string"> </ImageSize><FileVersion dt:dt="string"> </FileVersion><LastModifiedDateTime dt:dt="string"> </LastModifiedDateTime></RunningApplication><RunningApplication><ImageName dt:dt="string">Recorder.exe</ImageName><ProcessID dt:dt="string">4008</ProcessID><WorkingSetSizeKB dt:dt="string"> </WorkingSetSizeKB><ImageFullName dt:dt="string"> </ImageFullName><ImageSize dt:dt="string"> </ImageSize><FileVersion dt:dt="string"> </FileVersion><LastModifiedDateTime dt:dt="string"> </LastModifiedDateTime></RunningApplication><RunningApplication><ImageName dt:dt="string">RtkAudUService64.exe</ImageName><ProcessID dt:dt="string">4032</ProcessID><WorkingSetSizeKB dt:dt="string"> </WorkingSetSizeKB><ImageFullName dt:dt="string"> </ImageFullName><ImageSize dt:dt="string"> </ImageSize><FileVersion dt:dt="string"> </FileVersion><LastModifiedDateTime dt:dt="string"> </LastModifiedDateTime></RunningApplication><RunningApplication><ImageName dt:dt="string">SebWindowsServiceWCF.exe</ImageName><ProcessID dt:dt="string">4076</ProcessID><WorkingSetSizeKB dt:dt="string"> </WorkingSetSizeKB><ImageFullName dt:dt="string"> </ImageFullName><ImageSize dt:dt="string"> </ImageSize><FileVersion dt:dt="string"> </FileVersion><LastModifiedDateTime dt:dt="string"> </LastModifiedDateTime></RunningApplication><RunningApplication><ImageName dt:dt="string">sqlwriter.exe</ImageName><ProcessID dt:dt="string">4092</ProcessID><WorkingSetSizeKB dt:dt="string"> </WorkingSetSizeKB><ImageFullName dt:dt="string"> </ImageFullName><ImageSize dt:dt="string"> </ImageSize><FileVersion dt:dt="string"> </FileVersion><LastModifiedDateTime dt:dt="string"> </LastModifiedDateTime></RunningApplication><RunningApplication><ImageName dt:dt="string">svchost.exe</ImageName><ProcessID dt:dt="string">3188</ProcessID><WorkingSetSizeKB dt:dt="string"> </WorkingSetSizeKB><ImageFullName dt:dt="string"> </ImageFullName><ImageSize dt:dt="string"> </ImageSize><FileVersion dt:dt="string"> </FileVersion><LastModifiedDateTime dt:dt="string"> </LastModifiedDateTime></RunningApplication><RunningApplication><ImageName dt:dt="string">svchost.exe</ImageName><ProcessID dt:dt="string">3388</ProcessID><WorkingSetSizeKB dt:dt="string"> </WorkingSetSizeKB><ImageFullName dt:dt="string"> </ImageFullName><ImageSize dt:dt="string"> </ImageSize><FileVersion dt:dt="string"> </FileVersion><LastModifiedDateTime dt:dt="string"> </LastModifiedDateTime></RunningApplication><RunningApplication><ImageName dt:dt="string">hasplms.exe</ImageName><ProcessID dt:dt="string">4100</ProcessID><WorkingSetSizeKB dt:dt="string"> </WorkingSetSizeKB><ImageFullName dt:dt="string"> </ImageFullName><ImageSize dt:dt="string"> </ImageSize><FileVersion dt:dt="string"> </FileVersion><LastModifiedDateTime dt:dt="string"> </LastModifiedDateTime></RunningApplication><RunningApplication><ImageName dt:dt="string">svchost.exe</ImageName><ProcessID dt:dt="string">4108</ProcessID><WorkingSetSizeKB dt:dt="string"> </WorkingSetSizeKB><ImageFullName dt:dt="string"> </ImageFullName><ImageSize dt:dt="string"> </ImageSize><FileVersion dt:dt="string"> </FileVersion><LastModifiedDateTime dt:dt="string"> </LastModifiedDateTime></RunningApplication><RunningApplication><ImageName dt:dt="string">MsMpEng.exe</ImageName><ProcessID dt:dt="string">4116</ProcessID><WorkingSetSizeKB dt:dt="string"> </WorkingSetSizeKB><ImageFullName dt:dt="string"> </ImageFullName><ImageSize dt:dt="string"> </ImageSize><FileVersion dt:dt="string"> </FileVersion><LastModifiedDateTime dt:dt="string"> </LastModifiedDateTime></RunningApplication><RunningApplication><ImageName dt:dt="string">vmms.exe</ImageName><ProcessID dt:dt="string">4168</ProcessID><WorkingSetSizeKB dt:dt="string"> </WorkingSetSizeKB><ImageFullName dt:dt="string"> </ImageFullName><ImageSize dt:dt="string"> </ImageSize><FileVersion dt:dt="string"> </FileVersion><LastModifiedDateTime dt:dt="string"> </LastModifiedDateTime></RunningApplication><RunningApplication><ImageName dt:dt="string">svchost.exe</ImageName><ProcessID dt:dt="string">4204</ProcessID><WorkingSetSizeKB dt:dt="string"> </WorkingSetSizeKB><ImageFullName dt:dt="string"> </ImageFullName><ImageSize dt:dt="string"> </ImageSize><FileVersion dt:dt="string"> </FileVersion><LastModifiedDateTime dt:dt="string"> </LastModifiedDateTime></RunningApplication><RunningApplication><ImageName dt:dt="string">IntelCpHeciSvc.exe</ImageName><ProcessID dt:dt="string">4688</ProcessID><WorkingSetSizeKB dt:dt="string"> </WorkingSetSizeKB><ImageFullName dt:dt="string"> </ImageFullName><ImageSize dt:dt="string"> </ImageSize><FileVersion dt:dt="string"> </FileVersion><LastModifiedDateTime dt:dt="string"> </LastModifiedDateTime></RunningApplication><RunningApplication><ImageName dt:dt="string">unsecapp.exe</ImageName><ProcessID dt:dt="string">5428</ProcessID><WorkingSetSizeKB dt:dt="string"> </WorkingSetSizeKB><ImageFullName dt:dt="string"> </ImageFullName><ImageSize dt:dt="string"> </ImageSize><FileVersion dt:dt="string"> </FileVersion><LastModifiedDateTime dt:dt="string"> </LastModifiedDateTime></RunningApplication><RunningApplication><ImageName dt:dt="string">WmiPrvSE.exe</ImageName><ProcessID dt:dt="string">5464</ProcessID><WorkingSetSizeKB dt:dt="string"> </WorkingSetSizeKB><ImageFullName dt:dt="string"> </ImageFullName><ImageSize dt:dt="string"> </ImageSize><FileVersion dt:dt="string"> </FileVersion><LastModifiedDateTime dt:dt="string"> </LastModifiedDateTime></RunningApplication><RunningApplication><ImageName dt:dt="string">svchost.exe</ImageName><ProcessID dt:dt="string">5704</ProcessID><WorkingSetSizeKB dt:dt="string"> </WorkingSetSizeKB><ImageFullName dt:dt="string"> </ImageFullName><ImageSize dt:dt="string"> </ImageSize><FileVersion dt:dt="string"> </FileVersion><LastModifiedDateTime dt:dt="string"> </LastModifiedDateTime></RunningApplication><RunningApplication><ImageName dt:dt="string">vmcompute.exe</ImageName><ProcessID dt:dt="string">5880</ProcessID><WorkingSetSizeKB dt:dt="string"> </WorkingSetSizeKB><ImageFullName dt:dt="string"> </ImageFullName><ImageSize dt:dt="string"> </ImageSize><FileVersion dt:dt="string"> </FileVersion><LastModifiedDateTime dt:dt="string"> </LastModifiedDateTime></RunningApplication><RunningApplication><ImageName dt:dt="string">svchost.exe</ImageName><ProcessID dt:dt="string">756</ProcessID><WorkingSetSizeKB dt:dt="string"> </WorkingSetSizeKB><ImageFullName dt:dt="string"> </ImageFullName><ImageSize dt:dt="string"> </ImageSize><FileVersion dt:dt="string"> </FileVersion><LastModifiedDateTime dt:dt="string"> </LastModifiedDateTime></RunningApplication><RunningApplication><ImageName dt:dt="string">svchost.exe</ImageName><ProcessID dt:dt="string">2544</ProcessID><WorkingSetSizeKB dt:dt="string"> </WorkingSetSizeKB><ImageFullName dt:dt="string"> </ImageFullName><ImageSize dt:dt="string"> </ImageSize><FileVersion dt:dt="string"> </FileVersion><LastModifiedDateTime dt:dt="string"> </LastModifiedDateTime></RunningApplication><RunningApplication><ImageName dt:dt="string">svchost.exe</ImageName><ProcessID dt:dt="string">6184</ProcessID><WorkingSetSizeKB dt:dt="string"> </WorkingSetSizeKB><ImageFullName dt:dt="string"> </ImageFullName><ImageSize dt:dt="string"> </ImageSize><FileVersion dt:dt="string"> </FileVersion><LastModifiedDateTime dt:dt="string"> </LastModifiedDateTime></RunningApplication><RunningApplication><ImageName dt:dt="string">svchost.exe</ImageName><ProcessID dt:dt="string">6348</ProcessID><WorkingSetSizeKB dt:dt="string"> </WorkingSetSizeKB><ImageFullName dt:dt="string"> </ImageFullName><ImageSize dt:dt="string"> </ImageSize><FileVersion dt:dt="string"> </FileVersion><LastModifiedDateTime dt:dt="string"> </LastModifiedDateTime></RunningApplication><RunningApplication><ImageName dt:dt="string">NisSrv.exe</ImageName><ProcessID dt:dt="string">6896</ProcessID><WorkingSetSizeKB dt:dt="string"> </WorkingSetSizeKB><ImageFullName dt:dt="string"> </ImageFullName><ImageSize dt:dt="string"> </ImageSize><FileVersion dt:dt="string"> </FileVersion><LastModifiedDateTime dt:dt="string"> </LastModifiedDateTime></RunningApplication><RunningApplication><ImageName dt:dt="string">CcmExec.exe</ImageName><ProcessID dt:dt="string">1824</ProcessID><WorkingSetSizeKB dt:dt="string"> </WorkingSetSizeKB><ImageFullName dt:dt="string"> </ImageFullName><ImageSize dt:dt="string"> </ImageSize><FileVersion dt:dt="string"> </FileVersion><LastModifiedDateTime dt:dt="string"> </LastModifiedDateTime></RunningApplication><RunningApplication><ImageName dt:dt="string">WmiPrvSE.exe</ImageName><ProcessID dt:dt="string">5896</ProcessID><WorkingSetSizeKB dt:dt="string"> </WorkingSetSizeKB><ImageFullName dt:dt="string"> </ImageFullName><ImageSize dt:dt="string"> </ImageSize><FileVersion dt:dt="string"> </FileVersion><LastModifiedDateTime dt:dt="string"> </LastModifiedDateTime></RunningApplication><RunningApplication><ImageName dt:dt="string">svchost.exe</ImageName><ProcessID dt:dt="string">6908</ProcessID><WorkingSetSizeKB dt:dt="string"> </WorkingSetSizeKB><ImageFullName dt:dt="string"> </ImageFullName><ImageSize dt:dt="string"> </ImageSize><FileVersion dt:dt="string"> </FileVersion><LastModifiedDateTime dt:dt="string"> </LastModifiedDateTime></RunningApplication><RunningApplication><ImageName dt:dt="string">svchost.exe</ImageName><ProcessID dt:dt="string">788</ProcessID><WorkingSetSizeKB dt:dt="string"> </WorkingSetSizeKB><ImageFullName dt:dt="string"> </ImageFullName><ImageSize dt:dt="string"> </ImageSize><FileVersion dt:dt="string"> </FileVersion><LastModifiedDateTime dt:dt="string"> </LastModifiedDateTime></RunningApplication><RunningApplication><ImageName dt:dt="string">svchost.exe</ImageName><ProcessID dt:dt="string">1812</ProcessID><WorkingSetSizeKB dt:dt="string"> </WorkingSetSizeKB><ImageFullName dt:dt="string"> </ImageFullName><ImageSize dt:dt="string"> </ImageSize><FileVersion dt:dt="string"> </FileVersion><LastModifiedDateTime dt:dt="string"> </LastModifiedDateTime></RunningApplication><RunningApplication><ImageName dt:dt="string">jhi_service.exe</ImageName><ProcessID dt:dt="string">988</ProcessID><WorkingSetSizeKB dt:dt="string"> </WorkingSetSizeKB><ImageFullName dt:dt="string"> </ImageFullName><ImageSize dt:dt="string"> </ImageSize><FileVersion dt:dt="string"> </FileVersion><LastModifiedDateTime dt:dt="string"> </LastModifiedDateTime></RunningApplication><RunningApplication><ImageName dt:dt="string">LMS.exe</ImageName><ProcessID dt:dt="string">2864</ProcessID><WorkingSetSizeKB dt:dt="string"> </WorkingSetSizeKB><ImageFullName dt:dt="string"> </ImageFullName><ImageSize dt:dt="string"> </ImageSize><FileVersion dt:dt="string"> </FileVersion><LastModifiedDateTime dt:dt="string"> </LastModifiedDateTime></RunningApplication><RunningApplication><ImageName dt:dt="string">MBAMAgent.exe</ImageName><ProcessID dt:dt="string">3360</ProcessID><WorkingSetSizeKB dt:dt="string"> </WorkingSetSizeKB><ImageFullName dt:dt="string"> </ImageFullName><ImageSize dt:dt="string"> </ImageSize><FileVersion dt:dt="string"> </FileVersion><LastModifiedDateTime dt:dt="string"> </LastModifiedDateTime></RunningApplication><RunningApplication><ImageName dt:dt="string">SgrmBroker.exe</ImageName><ProcessID dt:dt="string">4788</ProcessID><WorkingSetSizeKB dt:dt="string"> </WorkingSetSizeKB><ImageFullName dt:dt="string"> </ImageFullName><ImageSize dt:dt="string"> </ImageSize><FileVersion dt:dt="string"> </FileVersion><LastModifiedDateTime dt:dt="string"> </LastModifiedDateTime></RunningApplication><RunningApplication><ImageName dt:dt="string">svchost.exe</ImageName><ProcessID dt:dt="string">6020</ProcessID><WorkingSetSizeKB dt:dt="string"> </WorkingSetSizeKB><ImageFullName dt:dt="string"> </ImageFullName><ImageSize dt:dt="string"> </ImageSize><FileVersion dt:dt="string"> </FileVersion><LastModifiedDateTime dt:dt="string"> </LastModifiedDateTime></RunningApplication><RunningApplication><ImageName dt:dt="string">svchost.exe</ImageName><ProcessID dt:dt="string">84</ProcessID><WorkingSetSizeKB dt:dt="string"> </WorkingSetSizeKB><ImageFullName dt:dt="string"> </ImageFullName><ImageSize dt:dt="string"> </ImageSize><FileVersion dt:dt="string"> </FileVersion><LastModifiedDateTime dt:dt="string"> </LastModifiedDateTime></RunningApplication><RunningApplication><ImageName dt:dt="string">svchost.exe</ImageName><ProcessID dt:dt="string">2704</ProcessID><WorkingSetSizeKB dt:dt="string"> </WorkingSetSizeKB><ImageFullName dt:dt="string"> </ImageFullName><ImageSize dt:dt="string"> </ImageSize><FileVersion dt:dt="string"> </FileVersion><LastModifiedDateTime dt:dt="string"> </LastModifiedDateTime></RunningApplication><RunningApplication><ImageName dt:dt="string">WmiPrvSE.exe</ImageName><ProcessID dt:dt="string">6116</ProcessID><WorkingSetSizeKB dt:dt="string"> </WorkingSetSizeKB><ImageFullName dt:dt="string"> </ImageFullName><ImageSize dt:dt="string"> </ImageSize><FileVersion dt:dt="string"> </FileVersion><LastModifiedDateTime dt:dt="string"> </LastModifiedDateTime></RunningApplication><RunningApplication><ImageName dt:dt="string">WmiPrvSE.exe</ImageName><ProcessID dt:dt="string">2224</ProcessID><WorkingSetSizeKB dt:dt="string"> </WorkingSetSizeKB><ImageFullName dt:dt="string"> </ImageFullName><ImageSize dt:dt="string"> </ImageSize><FileVersion dt:dt="string"> </FileVersion><LastModifiedDateTime dt:dt="string"> </LastModifiedDateTime></RunningApplication><RunningApplication><ImageName dt:dt="string">svchost.exe</ImageName><ProcessID dt:dt="string">1796</ProcessID><WorkingSetSizeKB dt:dt="string"> </WorkingSetSizeKB><ImageFullName dt:dt="string"> </ImageFullName><ImageSize dt:dt="string"> </ImageSize><FileVersion dt:dt="string"> </FileVersion><LastModifiedDateTime dt:dt="string"> </LastModifiedDateTime></RunningApplication><RunningApplication><ImageName dt:dt="string">AppVStreamingUX.exe</ImageName><ProcessID dt:dt="string">3128</ProcessID><WorkingSetSizeKB dt:dt="string">49250</WorkingSetSizeKB><ImageFullName dt:dt="string">C:\Windows\System32\AppV\AppVStreamingUX.exe</ImageFullName><ImageSize dt:dt="string"> </ImageSize><FileVersion dt:dt="string"> </FileVersion><LastModifiedDateTime dt:dt="string"> </LastModifiedDateTime></RunningApplication><RunningApplication><ImageName dt:dt="string">sihost.exe</ImageName><ProcessID dt:dt="string">612</ProcessID><WorkingSetSizeKB dt:dt="string">26705</WorkingSetSizeKB><ImageFullName dt:dt="string">C:\Windows\System32\sihost.exe</ImageFullName><ImageSize dt:dt="string"> </ImageSize><FileVersion dt:dt="string">10.0.18362.1</FileVersion><LastModifiedDateTime dt:dt="string"> </LastModifiedDateTime></RunningApplication><RunningApplication><ImageName dt:dt="string">svchost.exe</ImageName><ProcessID dt:dt="string">1620</ProcessID><WorkingSetSizeKB dt:dt="string">17551</WorkingSetSizeKB><ImageFullName dt:dt="string">C:\Windows\System32\svchost.exe</ImageFullName><ImageSize dt:dt="string">45448</ImageSize><FileVersion dt:dt="string">6.2.18362.1</FileVersion><LastModifiedDateTime dt:dt="string">03/19/2019 04:45:20</LastModifiedDateTime></RunningApplication><RunningApplication><ImageName dt:dt="string">svchost.exe</ImageName><ProcessID dt:dt="string">6524</ProcessID><WorkingSetSizeKB dt:dt="string">38502</WorkingSetSizeKB><ImageFullName dt:dt="string">C:\Windows\System32\svchost.exe</ImageFullName><ImageSize dt:dt="string">45448</ImageSize><FileVersion dt:dt="string">6.2.18362.1</FileVersion><LastModifiedDateTime dt:dt="string">03/19/2019 04:45:20</LastModifiedDateTime></RunningApplication><RunningApplication><ImageName dt:dt="string">PresentationFontCache.exe</ImageName><ProcessID dt:dt="string">6092</ProcessID><WorkingSetSizeKB dt:dt="string"> </WorkingSetSizeKB><ImageFullName dt:dt="string"> </ImageFullName><ImageSize dt:dt="string"> </ImageSize><FileVersion dt:dt="string"> </FileVersion><LastModifiedDateTime dt:dt="string"> </LastModifiedDateTime></RunningApplication><RunningApplication><ImageName dt:dt="string">taskhostw.exe</ImageName><ProcessID dt:dt="string">6740</ProcessID><WorkingSetSizeKB dt:dt="string">15884</WorkingSetSizeKB><ImageFullName dt:dt="string">C:\Windows\System32\taskhostw.exe</ImageFullName><ImageSize dt:dt="string"> </ImageSize><FileVersion dt:dt="string">10.0.18362.387</FileVersion><LastModifiedDateTime dt:dt="string"> </LastModifiedDateTime></RunningApplication><RunningApplication><ImageName dt:dt="string">svchost.exe</ImageName><ProcessID dt:dt="string">5592</ProcessID><WorkingSetSizeKB dt:dt="string"> </WorkingSetSizeKB><ImageFullName dt:dt="string"> </ImageFullName><ImageSize dt:dt="string"> </ImageSize><FileVersion dt:dt="string"> </FileVersion><LastModifiedDateTime dt:dt="string"> </LastModifiedDateTime></RunningApplication><RunningApplication><ImageName dt:dt="string">svchost.exe</ImageName><ProcessID dt:dt="string">1392</ProcessID><WorkingSetSizeKB dt:dt="string"> </WorkingSetSizeKB><ImageFullName dt:dt="string"> </ImageFullName><ImageSize dt:dt="string"> </ImageSize><FileVersion dt:dt="string"> </FileVersion><LastModifiedDateTime dt:dt="string"> </LastModifiedDateTime></RunningApplication><RunningApplication><ImageName dt:dt="string">ctfmon.exe</ImageName><ProcessID dt:dt="string">2528</ProcessID><WorkingSetSizeKB dt:dt="string"> </WorkingSetSizeKB><ImageFullName dt:dt="string"> </ImageFullName><ImageSize dt:dt="string"> </ImageSize><FileVersion dt:dt="string"> </FileVersion><LastModifiedDateTime dt:dt="string"> </LastModifiedDateTime></RunningApplication><RunningApplication><ImageName dt:dt="string">igfxEM.exe</ImageName><ProcessID dt:dt="string">2188</ProcessID><WorkingSetSizeKB dt:dt="string">28622</WorkingSetSizeKB><ImageFullName dt:dt="string">C:\Windows\System32\DriverStore\FileRepository\cui_component.inf_amd64_0219cc1c7085a93f\igfxEM.exe</ImageFullName><ImageSize dt:dt="string">875552</ImageSize><FileVersion dt:dt="string">6.15.10.5017</FileVersion><LastModifiedDateTime dt:dt="string">04/10/2018 22:29:34</LastModifiedDateTime></RunningApplication><RunningApplication><ImageName dt:dt="string">svchost.exe</ImageName><ProcessID dt:dt="string">4244</ProcessID><WorkingSetSizeKB dt:dt="string"> </WorkingSetSizeKB><ImageFullName dt:dt="string"> </ImageFullName><ImageSize dt:dt="string"> </ImageSize><FileVersion dt:dt="string"> </FileVersion><LastModifiedDateTime dt:dt="string"> </LastModifiedDateTime></RunningApplication><RunningApplication><ImageName dt:dt="string">WmiPrvSE.exe</ImageName><ProcessID dt:dt="string">7848</ProcessID><WorkingSetSizeKB dt:dt="string"> </WorkingSetSizeKB><ImageFullName dt:dt="string"> </ImageFullName><ImageSize dt:dt="string"> </ImageSize><FileVersion dt:dt="string"> </FileVersion><LastModifiedDateTime dt:dt="string"> </LastModifiedDateTime></RunningApplication><RunningApplication><ImageName dt:dt="string">svchost.exe</ImageName><ProcessID dt:dt="string">8016</ProcessID><WorkingSetSizeKB dt:dt="string"> </WorkingSetSizeKB><ImageFullName dt:dt="string"> </ImageFullName><ImageSize dt:dt="string"> </ImageSize><FileVersion dt:dt="string"> </FileVersion><LastModifiedDateTime dt:dt="string"> </LastModifiedDateTime></RunningApplication><RunningApplication><ImageName dt:dt="string">svchost.exe</ImageName><ProcessID dt:dt="string">8292</ProcessID><WorkingSetSizeKB dt:dt="string">17932</WorkingSetSizeKB><ImageFullName dt:dt="string">C:\Windows\System32\svchost.exe</ImageFullName><ImageSize dt:dt="string">45448</ImageSize><FileVersion dt:dt="string">6.2.18362.1</FileVersion><LastModifiedDateTime dt:dt="string">03/19/2019 04:45:20</LastModifiedDateTime></RunningApplication><RunningApplication><ImageName dt:dt="string">RuntimeBroker.exe</ImageName><ProcessID dt:dt="string">8952</ProcessID><WorkingSetSizeKB dt:dt="string">24535</WorkingSetSizeKB><ImageFullName dt:dt="string">C:\Windows\System32\RuntimeBroker.exe</ImageFullName><ImageSize dt:dt="string"> </ImageSize><FileVersion dt:dt="string">10.0.18362.1</FileVersion><LastModifiedDateTime dt:dt="string"> </LastModifiedDateTime></RunningApplication><RunningApplication><ImageName dt:dt="string">RuntimeBroker.exe</ImageName><ProcessID dt:dt="string">2540</ProcessID><WorkingSetSizeKB dt:dt="string">63188</WorkingSetSizeKB><ImageFullName dt:dt="string">C:\Windows\System32\RuntimeBroker.exe</ImageFullName><ImageSize dt:dt="string"> </ImageSize><FileVersion dt:dt="string">10.0.18362.1</FileVersion><LastModifiedDateTime dt:dt="string"> </LastModifiedDateTime></RunningApplication><RunningApplication><ImageName dt:dt="string">MicrosoftEdge.exe</ImageName><ProcessID dt:dt="string">8940</ProcessID><WorkingSetSizeKB dt:dt="string">75743</WorkingSetSizeKB><ImageFullName dt:dt="string">C:\Windows\SystemApps\Microsoft.MicrosoftEdge_8wekyb3d8bbwe\MicrosoftEdge.exe</ImageFullName><ImageSize dt:dt="string">15857696</ImageSize><FileVersion dt:dt="string">11.0.18362.476</FileVersion><LastModifiedDateTime dt:dt="string">11/19/2019 01:16:12</LastModifiedDateTime></RunningApplication><RunningApplication><ImageName dt:dt="string">ApplicationFrameHost.exe</ImageName><ProcessID dt:dt="string">8808</ProcessID><WorkingSetSizeKB dt:dt="string">30748</WorkingSetSizeKB><ImageFullName dt:dt="string">C:\Windows\System32\ApplicationFrameHost.exe</ImageFullName><ImageSize dt:dt="string"> </ImageSize><FileVersion dt:dt="string">10.0.18362.1</FileVersion><LastModifiedDateTime dt:dt="string"> </LastModifiedDateTime></RunningApplication><RunningApplication><ImageName dt:dt="string">svchost.exe</ImageName><ProcessID dt:dt="string">9220</ProcessID><WorkingSetSizeKB dt:dt="string"> </WorkingSetSizeKB><ImageFullName dt:dt="string"> </ImageFullName><ImageSize dt:dt="string"> </ImageSize><FileVersion dt:dt="string"> </FileVersion><LastModifiedDateTime dt:dt="string"> </LastModifiedDateTime></RunningApplication><RunningApplication><ImageName dt:dt="string">browser_broker.exe</ImageName><ProcessID dt:dt="string">9700</ProcessID><WorkingSetSizeKB dt:dt="string">30826</WorkingSetSizeKB><ImageFullName dt:dt="string">C:\Windows\System32\browser_broker.exe</ImageFullName><ImageSize dt:dt="string"> </ImageSize><FileVersion dt:dt="string">11.0.18362.267</FileVersion><LastModifiedDateTime dt:dt="string"> </LastModifiedDateTime></RunningApplication><RunningApplication><ImageName dt:dt="string">RuntimeBroker.exe</ImageName><ProcessID dt:dt="string">9816</ProcessID><WorkingSetSizeKB dt:dt="string">24449</WorkingSetSizeKB><ImageFullName dt:dt="string">C:\Windows\System32\RuntimeBroker.exe</ImageFullName><ImageSize dt:dt="string"> </ImageSize><FileVersion dt:dt="string">10.0.18362.1</FileVersion><LastModifiedDateTime dt:dt="string"> </LastModifiedDateTime></RunningApplication><RunningApplication><ImageName dt:dt="string">RuntimeBroker.exe</ImageName><ProcessID dt:dt="string">9932</ProcessID><WorkingSetSizeKB dt:dt="string">16662</WorkingSetSizeKB><ImageFullName dt:dt="string">C:\Windows\System32\RuntimeBroker.exe</ImageFullName><ImageSize dt:dt="string"> </ImageSize><FileVersion dt:dt="string">10.0.18362.1</FileVersion><LastModifiedDateTime dt:dt="string"> </LastModifiedDateTime></RunningApplication><RunningApplication><ImageName dt:dt="string">MicrosoftEdgeSH.exe</ImageName><ProcessID dt:dt="string">10052</ProcessID><WorkingSetSizeKB dt:dt="string">13787</WorkingSetSizeKB><ImageFullName dt:dt="string">C:\Windows\System32\MicrosoftEdgeSH.exe</ImageFullName><ImageSize dt:dt="string"> </ImageSize><FileVersion dt:dt="string">11.0.18362.1</FileVersion><LastModifiedDateTime dt:dt="string"> </LastModifiedDateTime></RunningApplication><RunningApplication><ImageName dt:dt="string">csusr.exe</ImageName><ProcessID dt:dt="string">10876</ProcessID><WorkingSetSizeKB dt:dt="string">6840</WorkingSetSizeKB><ImageFullName dt:dt="string">C:\Program Files\Certero\Client\csusr.exe</ImageFullName><ImageSize dt:dt="string">252016</ImageSize><FileVersion dt:dt="string">6.2.604.28006</FileVersion><LastModifiedDateTime dt:dt="string">06/04/2019 16:40:28</LastModifiedDateTime></RunningApplication><RunningApplication><ImageName dt:dt="string">SCNotification.exe</ImageName><ProcessID dt:dt="string">10920</ProcessID><WorkingSetSizeKB dt:dt="string">46850</WorkingSetSizeKB><ImageFullName dt:dt="string">C:\Windows\CCM\SCNotification.exe</ImageFullName><ImageSize dt:dt="string">643456</ImageSize><FileVersion dt:dt="string">5.0.8790.1025</FileVersion><LastModifiedDateTime dt:dt="string">06/08/2019 02:35:46</LastModifiedDateTime></RunningApplication><RunningApplication><ImageName dt:dt="string">SecurityHealthSystray.exe</ImageName><ProcessID dt:dt="string">10992</ProcessID><WorkingSetSizeKB dt:dt="string">9097</WorkingSetSizeKB><ImageFullName dt:dt="string">C:\Windows\System32\SecurityHealthSystray.exe</ImageFullName><ImageSize dt:dt="string"> </ImageSize><FileVersion dt:dt="string">10.0.18362.1</FileVersion><LastModifiedDateTime dt:dt="string"> </LastModifiedDateTime></RunningApplication><RunningApplication><ImageName dt:dt="string">SecurityHealthService.exe</ImageName><ProcessID dt:dt="string">11024</ProcessID><WorkingSetSizeKB dt:dt="string"> </WorkingSetSizeKB><ImageFullName dt:dt="string"> </ImageFullName><ImageSize dt:dt="string"> </ImageSize><FileVersion dt:dt="string"> </FileVersion><LastModifiedDateTime dt:dt="string"> </LastModifiedDateTime></RunningApplication><RunningApplication><ImageName dt:dt="string">RtkAudUService64.exe</ImageName><ProcessID dt:dt="string">11124</ProcessID><WorkingSetSizeKB dt:dt="string">7917</WorkingSetSizeKB><ImageFullName dt:dt="string">C:\Windows\System32\RtkAudUService64.exe</ImageFullName><ImageSize dt:dt="string"> </ImageSize><FileVersion dt:dt="string">1.0.0.89</FileVersion><LastModifiedDateTime dt:dt="string"> </LastModifiedDateTime></RunningApplication><RunningApplication><ImageName dt:dt="string">Creative Cloud.exe</ImageName><ProcessID dt:dt="string">8780</ProcessID><WorkingSetSizeKB dt:dt="string">80330</WorkingSetSizeKB><ImageFullName dt:dt="string">C:\Program Files (x86)\Adobe\Adobe Creative Cloud\ACC\Creative Cloud.exe</ImageFullName><ImageSize dt:dt="string">2622520</ImageSize><FileVersion dt:dt="string">4.8.2.478</FileVersion><LastModifiedDateTime dt:dt="string">05/27/2019 07:16:14</LastModifiedDateTime></RunningApplication><RunningApplication><ImageName dt:dt="string">AdobeIPCBroker.exe</ImageName><ProcessID dt:dt="string">6564</ProcessID><WorkingSetSizeKB dt:dt="string">11399</WorkingSetSizeKB><ImageFullName dt:dt="string">C:\Program Files (x86)\Common Files\Adobe\Adobe Desktop Common\IPCBox\AdobeIPCBroker.exe</ImageFullName><ImageSize dt:dt="string">1086416</ImageSize><FileVersion dt:dt="string">5.5.0.66</FileVersion><LastModifiedDateTime dt:dt="string">12/04/2018 03:00:30</LastModifiedDateTime></RunningApplication><RunningApplication><ImageName dt:dt="string">RuntimeBroker.exe</ImageName><ProcessID dt:dt="string">10688</ProcessID><WorkingSetSizeKB dt:dt="string">14184</WorkingSetSizeKB><ImageFullName dt:dt="string">C:\Windows\System32\RuntimeBroker.exe</ImageFullName><ImageSize dt:dt="string"> </ImageSize><FileVersion dt:dt="string">10.0.18362.1</FileVersion><LastModifiedDateTime dt:dt="string"> </LastModifiedDateTime></RunningApplication><RunningApplication><ImageName dt:dt="string">Adobe Desktop Service.exe</ImageName><ProcessID dt:dt="string">2104</ProcessID><WorkingSetSizeKB dt:dt="string">146235</WorkingSetSizeKB><ImageFullName dt:dt="string">C:\Program Files (x86)\Common Files\Adobe\Adobe Desktop Common\ADS\Adobe Desktop Service.exe</ImageFullName><ImageSize dt:dt="string">2598968</ImageSize><FileVersion dt:dt="string">4.8.2.478</FileVersion><LastModifiedDateTime dt:dt="string">05/27/2019 07:16:14</LastModifiedDateTime></RunningApplication><RunningApplication><ImageName dt:dt="string">Adobe CEF Helper.exe</ImageName><ProcessID dt:dt="string">11180</ProcessID><WorkingSetSizeKB dt:dt="string">67289</WorkingSetSizeKB><ImageFullName dt:dt="string">C:\Program Files (x86)\Common Files\Adobe\Adobe Desktop Common\HEX\Adobe CEF Helper.exe</ImageFullName><ImageSize dt:dt="string">398808</ImageSize><FileVersion dt:dt="string">4.8.1.435</FileVersion><LastModifiedDateTime dt:dt="string">03/01/2019 07:47:50</LastModifiedDateTime></RunningApplication><RunningApplication><ImageName dt:dt="string">CoreSync.exe</ImageName><ProcessID dt:dt="string">11756</ProcessID><WorkingSetSizeKB dt:dt="string">20733</WorkingSetSizeKB><ImageFullName dt:dt="string">C:\Program Files (x86)\Adobe\Adobe Sync\CoreSync\CoreSync.exe</ImageFullName><ImageSize dt:dt="string">38686776</ImageSize><FileVersion dt:dt="string">4.2.7.2</FileVersion><LastModifiedDateTime dt:dt="string">06/11/2019 06:06:10</LastModifiedDateTime></RunningApplication><RunningApplication><ImageName dt:dt="string">CCXProcess.exe</ImageName><ProcessID dt:dt="string">11776</ProcessID><WorkingSetSizeKB dt:dt="string">3010</WorkingSetSizeKB><ImageFullName dt:dt="string">C:\Program Files (x86)\Adobe\Adobe Creative Cloud Experience\CCXProcess.exe</ImageFullName><ImageSize dt:dt="string">144008</ImageSize><FileVersion dt:dt="string">3.0.0.41</FileVersion><LastModifiedDateTime dt:dt="string">05/31/2019 18:25:10</LastModifiedDateTime></RunningApplication><RunningApplication><ImageName dt:dt="string">node.exe</ImageName><ProcessID dt:dt="string">11792</ProcessID><WorkingSetSizeKB dt:dt="string">64774</WorkingSetSizeKB><ImageFullName dt:dt="string">C:\Program Files (x86)\Adobe\Adobe Creative Cloud Experience\libs\node.exe</ImageFullName><ImageSize dt:dt="string">18324120</ImageSize><FileVersion dt:dt="string">8.11.4.0</FileVersion><LastModifiedDateTime dt:dt="string">05/31/2019 18:25:12</LastModifiedDateTime></RunningApplication><RunningApplication><ImageName dt:dt="string">conhost.exe</ImageName><ProcessID dt:dt="string">11800</ProcessID><WorkingSetSizeKB dt:dt="string">11022</WorkingSetSizeKB><ImageFullName dt:dt="string">C:\Windows\System32\conhost.exe</ImageFullName><ImageSize dt:dt="string"> </ImageSize><FileVersion dt:dt="string">10.0.18362.1</FileVersion><LastModifiedDateTime dt:dt="string"> </LastModifiedDateTime></RunningApplication><RunningApplication><ImageName dt:dt="string">Adobe CEF Helper.exe</ImageName><ProcessID dt:dt="string">12124</ProcessID><WorkingSetSizeKB dt:dt="string">68014</WorkingSetSizeKB><ImageFullName dt:dt="string">C:\Program Files (x86)\Common Files\Adobe\Adobe Desktop Common\HEX\Adobe CEF Helper.exe</ImageFullName><ImageSize dt:dt="string">398808</ImageSize><FileVersion dt:dt="string">4.8.1.435</FileVersion><LastModifiedDateTime dt:dt="string">03/01/2019 07:47:50</LastModifiedDateTime></RunningApplication><RunningApplication><ImageName dt:dt="string">OneDrive.exe</ImageName><ProcessID dt:dt="string">11924</ProcessID><WorkingSetSizeKB dt:dt="string">57737</WorkingSetSizeKB><ImageFullName dt:dt="string">C:\Users\kwood10\AppData\Local\Microsoft\OneDrive\OneDrive.exe</ImageFullName><ImageSize dt:dt="string">1584488</ImageSize><FileVersion dt:dt="string">19.222.1110.6</FileVersion><LastModifiedDateTime dt:dt="string">01/27/2020 09:02:43</LastModifiedDateTime></RunningApplication><RunningApplication><ImageName dt:dt="string">explorer.exe</ImageName><ProcessID dt:dt="string">12084</ProcessID><WorkingSetSizeKB dt:dt="string">148729</WorkingSetSizeKB><ImageFullName dt:dt="string">C:\Windows\explorer.exe</ImageFullName><ImageSize dt:dt="string">4615616</ImageSize><FileVersion dt:dt="string">6.2.18362.449</FileVersion><LastModifiedDateTime dt:dt="string">11/19/2019 01:16:15</LastModifiedDateTime></RunningApplication><RunningApplication><ImageName dt:dt="string">StartMenuExperienceHost.exe</ImageName><ProcessID dt:dt="string">9528</ProcessID><WorkingSetSizeKB dt:dt="string">78835</WorkingSetSizeKB><ImageFullName dt:dt="string">C:\Windows\SystemApps\Microsoft.Windows.StartMenuExperienceHost_cw5n1h2txyewy\StartMenuExperienceHost.exe</ImageFullName><ImageSize dt:dt="string">944144</ImageSize><FileVersion dt:dt="string"> </FileVersion><LastModifiedDateTime dt:dt="string">09/17/2019 00:45:14</LastModifiedDateTime></RunningApplication><RunningApplication><ImageName dt:dt="string">SearchUI.exe</ImageName><ProcessID dt:dt="string">10320</ProcessID><WorkingSetSizeKB dt:dt="string">113324</WorkingSetSizeKB><ImageFullName dt:dt="string">C:\Windows\SystemApps\Microsoft.Windows.Cortana_cw5n1h2txyewy\SearchUI.exe</ImageFullName><ImageSize dt:dt="string">11266872</ImageSize><FileVersion dt:dt="string">6.2.18362.418</FileVersion><LastModifiedDateTime dt:dt="string">10/18/2019 10:09:44</LastModifiedDateTime></RunningApplication><RunningApplication><ImageName dt:dt="string">ShellExperienceHost.exe</ImageName><ProcessID dt:dt="string">8724</ProcessID><WorkingSetSizeKB dt:dt="string">54407</WorkingSetSizeKB><ImageFullName dt:dt="string">C:\Windows\SystemApps\ShellExperienceHost_cw5n1h2txyewy\ShellExperienceHost.exe</ImageFullName><ImageSize dt:dt="string">2378040</ImageSize><FileVersion dt:dt="string">6.2.18362.387</FileVersion><LastModifiedDateTime dt:dt="string">10/18/2019 10:09:40</LastModifiedDateTime></RunningApplication><RunningApplication><ImageName dt:dt="string">WinStore.App.exe</ImageName><ProcessID dt:dt="string">11008</ProcessID><WorkingSetSizeKB dt:dt="string">495</WorkingSetSizeKB><ImageFullName dt:dt="string">C:\Program Files\WindowsApps\Microsoft.WindowsStore_12001.1001.1.0_x64__8wekyb3d8bbwe\WinStore.App.exe</ImageFullName><ImageSize dt:dt="string">19456</ImageSize><FileVersion dt:dt="string">12001.1001.1.0</FileVersion><LastModifiedDateTime dt:dt="string">01/15/2020 03:59:58</LastModifiedDateTime></RunningApplication><RunningApplication><ImageName dt:dt="string">RuntimeBroker.exe</ImageName><ProcessID dt:dt="string">11648</ProcessID><WorkingSetSizeKB dt:dt="string">7618</WorkingSetSizeKB><ImageFullName dt:dt="string">C:\Windows\System32\RuntimeBroker.exe</ImageFullName><ImageSize dt:dt="string"> </ImageSize><FileVersion dt:dt="string">10.0.18362.1</FileVersion><LastModifiedDateTime dt:dt="string"> </LastModifiedDateTime></RunningApplication><RunningApplication><ImageName dt:dt="string">MicrosoftEdgeCP.exe</ImageName><ProcessID dt:dt="string">2336</ProcessID><WorkingSetSizeKB dt:dt="string">26152</WorkingSetSizeKB><ImageFullName dt:dt="string">C:\Windows\System32\MicrosoftEdgeCP.exe</ImageFullName><ImageSize dt:dt="string"> </ImageSize><FileVersion dt:dt="string">11.0.18362.1</FileVersion><LastModifiedDateTime dt:dt="string"> </LastModifiedDateTime></RunningApplication><RunningApplication><ImageName dt:dt="string">svchost.exe</ImageName><ProcessID dt:dt="string">12188</ProcessID><WorkingSetSizeKB dt:dt="string">23539</WorkingSetSizeKB><ImageFullName dt:dt="string">C:\Windows\System32\svchost.exe</ImageFullName><ImageSize dt:dt="string">45448</ImageSize><FileVersion dt:dt="string">6.2.18362.1</FileVersion><LastModifiedDateTime dt:dt="string">03/19/2019 04:45:20</LastModifiedDateTime></RunningApplication><RunningApplication><ImageName dt:dt="string">MicrosoftEdgeCP.exe</ImageName><ProcessID dt:dt="string">10036</ProcessID><WorkingSetSizeKB dt:dt="string">26152</WorkingSetSizeKB><ImageFullName dt:dt="string">C:\Windows\System32\MicrosoftEdgeCP.exe</ImageFullName><ImageSize dt:dt="string"> </ImageSize><FileVersion dt:dt="string">11.0.18362.1</FileVersion><LastModifiedDateTime dt:dt="string"> </LastModifiedDateTime></RunningApplication><RunningApplication><ImageName dt:dt="string">chrome.exe</ImageName><ProcessID dt:dt="string">10256</ProcessID><WorkingSetSizeKB dt:dt="string">107085</WorkingSetSizeKB><ImageFullName dt:dt="string">C:\Program Files (x86)\Google\Chrome\Application\chrome.exe</ImageFullName><ImageSize dt:dt="string">1541104</ImageSize><FileVersion dt:dt="string">79.0.3945.130</FileVersion><LastModifiedDateTime dt:dt="string">01/16/2020 02:32:37</LastModifiedDateTime></RunningApplication><RunningApplication><ImageName dt:dt="string">chrome.exe</ImageName><ProcessID dt:dt="string">7296</ProcessID><WorkingSetSizeKB dt:dt="string">7065</WorkingSetSizeKB><ImageFullName dt:dt="string">C:\Program Files (x86)\Google\Chrome\Application\chrome.exe</ImageFullName><ImageSize dt:dt="string">1541104</ImageSize><FileVersion dt:dt="string">79.0.3945.130</FileVersion><LastModifiedDateTime dt:dt="string">01/16/2020 02:32:37</LastModifiedDateTime></RunningApplication><RunningApplication><ImageName dt:dt="string">chrome.exe</ImageName><ProcessID dt:dt="string">8228</ProcessID><WorkingSetSizeKB dt:dt="string">8982</WorkingSetSizeKB><ImageFullName dt:dt="string">C:\Program Files (x86)\Google\Chrome\Application\chrome.exe</ImageFullName><ImageSize dt:dt="string">1541104</ImageSize><FileVersion dt:dt="string">79.0.3945.130</FileVersion><LastModifiedDateTime dt:dt="string">01/16/2020 02:32:37</LastModifiedDateTime></RunningApplication><RunningApplication><ImageName dt:dt="string">chrome.exe</ImageName><ProcessID dt:dt="string">6952</ProcessID><WorkingSetSizeKB dt:dt="string">97124</WorkingSetSizeKB><ImageFullName dt:dt="string">C:\Program Files (x86)\Google\Chrome\Application\chrome.exe</ImageFullName><ImageSize dt:dt="string">1541104</ImageSize><FileVersion dt:dt="string">79.0.3945.130</FileVersion><LastModifiedDateTime dt:dt="string">01/16/2020 02:32:37</LastModifiedDateTime></RunningApplication><RunningApplication><ImageName dt:dt="string">chrome.exe</ImageName><ProcessID dt:dt="string">844</ProcessID><WorkingSetSizeKB dt:dt="string">29409</WorkingSetSizeKB><ImageFullName dt:dt="string">C:\Program Files (x86)\Google\Chrome\Application\chrome.exe</ImageFullName><ImageSize dt:dt="string">1541104</ImageSize><FileVersion dt:dt="string">79.0.3945.130</FileVersion><LastModifiedDateTime dt:dt="string">01/16/2020 02:32:37</LastModifiedDateTime></RunningApplication><RunningApplication><ImageName dt:dt="string">WmiPrvSE.exe</ImageName><ProcessID dt:dt="string">8444</ProcessID><WorkingSetSizeKB dt:dt="string"> </WorkingSetSizeKB><ImageFullName dt:dt="string"> </ImageFullName><ImageSize dt:dt="string"> </ImageSize><FileVersion dt:dt="string"> </FileVersion><LastModifiedDateTime dt:dt="string"> </LastModifiedDateTime></RunningApplication><RunningApplication><ImageName dt:dt="string">chrome.exe</ImageName><ProcessID dt:dt="string">8860</ProcessID><WorkingSetSizeKB dt:dt="string">171130</WorkingSetSizeKB><ImageFullName dt:dt="string">C:\Program Files (x86)\Google\Chrome\Application\chrome.exe</ImageFullName><ImageSize dt:dt="string">1541104</ImageSize><FileVersion dt:dt="string">79.0.3945.130</FileVersion><LastModifiedDateTime dt:dt="string">01/16/2020 02:32:37</LastModifiedDateTime></RunningApplication><RunningApplication><ImageName dt:dt="string">chrome.exe</ImageName><ProcessID dt:dt="string">4676</ProcessID><WorkingSetSizeKB dt:dt="string">32428</WorkingSetSizeKB><ImageFullName dt:dt="string">C:\Program Files (x86)\Google\Chrome\Application\chrome.exe</ImageFullName><ImageSize dt:dt="string">1541104</ImageSize><FileVersion dt:dt="string">79.0.3945.130</FileVersion><LastModifiedDateTime dt:dt="string">01/16/2020 02:32:37</LastModifiedDateTime></RunningApplication><RunningApplication><ImageName dt:dt="string">chrome.exe</ImageName><ProcessID dt:dt="string">8220</ProcessID><WorkingSetSizeKB dt:dt="string">41398</WorkingSetSizeKB><ImageFullName dt:dt="string">C:\Program Files (x86)\Google\Chrome\Application\chrome.exe</ImageFullName><ImageSize dt:dt="string">1541104</ImageSize><FileVersion dt:dt="string">79.0.3945.130</FileVersion><LastModifiedDateTime dt:dt="string">01/16/2020 02:32:37</LastModifiedDateTime></RunningApplication><RunningApplication><ImageName dt:dt="string">WindowsInternal.ComposableShell.Experiences.TextInput.InputApp.exe</ImageName><ProcessID dt:dt="string">7884</ProcessID><WorkingSetSizeKB dt:dt="string">46944</WorkingSetSizeKB><ImageFullName dt:dt="string">C:\Windows\SystemApps\InputApp_cw5n1h2txyewy\WindowsInternal.ComposableShell.Experiences.TextInput.InputApp.exe</ImageFullName><ImageSize dt:dt="string">1070080</ImageSize><FileVersion dt:dt="string">6.2.18362.329</FileVersion><LastModifiedDateTime dt:dt="string">09/17/2019 00:45:16</LastModifiedDateTime></RunningApplication><RunningApplication><ImageName dt:dt="string">SearchIndexer.exe</ImageName><ProcessID dt:dt="string">11088</ProcessID><WorkingSetSizeKB dt:dt="string"> </WorkingSetSizeKB><ImageFullName dt:dt="string"> </ImageFullName><ImageSize dt:dt="string"> </ImageSize><FileVersion dt:dt="string"> </FileVersion><LastModifiedDateTime dt:dt="string"> </LastModifiedDateTime></RunningApplication><RunningApplication><ImageName dt:dt="string">spoolsv.exe</ImageName><ProcessID dt:dt="string">3696</ProcessID><WorkingSetSizeKB dt:dt="string"> </WorkingSetSizeKB><ImageFullName dt:dt="string"> </ImageFullName><ImageSize dt:dt="string"> </ImageSize><FileVersion dt:dt="string"> </FileVersion><LastModifiedDateTime dt:dt="string"> </LastModifiedDateTime></RunningApplication><RunningApplication><ImageName dt:dt="string">armsvc.exe</ImageName><ProcessID dt:dt="string">8556</ProcessID><WorkingSetSizeKB dt:dt="string"> </WorkingSetSizeKB><ImageFullName dt:dt="string"> </ImageFullName><ImageSize dt:dt="string"> </ImageSize><FileVersion dt:dt="string"> </FileVersion><LastModifiedDateTime dt:dt="string"> </LastModifiedDateTime></RunningApplication><RunningApplication><ImageName dt:dt="string">AdobeARM.exe</ImageName><ProcessID dt:dt="string">8536</ProcessID><WorkingSetSizeKB dt:dt="string">11444</WorkingSetSizeKB><ImageFullName dt:dt="string">C:\Program Files (x86)\Common Files\Adobe\ARM\1.0\AdobeARM.exe</ImageFullName><ImageSize dt:dt="string">1240656</ImageSize><FileVersion dt:dt="string">1.824.35.289</FileVersion><LastModifiedDateTime dt:dt="string">09/10/2019 23:16:22</LastModifiedDateTime></RunningApplication><RunningApplication><ImageName dt:dt="string">dllhost.exe</ImageName><ProcessID dt:dt="string">4200</ProcessID><WorkingSetSizeKB dt:dt="string">9478</WorkingSetSizeKB><ImageFullName dt:dt="string">C:\Windows\System32\dllhost.exe</ImageFullName><ImageSize dt:dt="string">19256</ImageSize><FileVersion dt:dt="string">6.2.18362.1</FileVersion><LastModifiedDateTime dt:dt="string">03/19/2019 04:45:20</LastModifiedDateTime></RunningApplication><RunningApplication><ImageName dt:dt="string">E-Run.exe</ImageName><ProcessID dt:dt="string">9328</ProcessID><WorkingSetSizeKB dt:dt="string">103190</WorkingSetSizeKB><ImageFullName dt:dt="string">C:\Program Files (x86)\PST\E-Prime 2.0\Program\E-Run.exe</ImageFullName><ImageSize dt:dt="string">659456</ImageSize><FileVersion dt:dt="string">2.0.10.149</FileVersion><LastModifiedDateTime dt:dt="string">06/15/2012 12:18:00</LastModifiedDateTime></RunningApplication><RunningApplication><ImageName dt:dt="string">pacjsworker.exe</ImageName><ProcessID dt:dt="string">8364</ProcessID><WorkingSetSizeKB dt:dt="string"> </WorkingSetSizeKB><ImageFullName dt:dt="string"> </ImageFullName><ImageSize dt:dt="string"> </ImageSize><FileVersion dt:dt="string"> </FileVersion><LastModifiedDateTime dt:dt="string"> </LastModifiedDateTime></RunningApplication><RunningApplication><ImageName dt:dt="string">svchost.exe</ImageName><ProcessID dt:dt="string">8484</ProcessID><WorkingSetSizeKB dt:dt="string"> </WorkingSetSizeKB><ImageFullName dt:dt="string"> </ImageFullName><ImageSize dt:dt="string"> </ImageSize><FileVersion dt:dt="string"> </FileVersion><LastModifiedDateTime dt:dt="string"> </LastModifiedDateTime></RunningApplication><RunningApplication><ImageName dt:dt="string">chrome.exe</ImageName><ProcessID dt:dt="string">10884</ProcessID><WorkingSetSizeKB dt:dt="string">19824</WorkingSetSizeKB><ImageFullName dt:dt="string">C:\Program Files (x86)\Google\Chrome\Application\chrome.exe</ImageFullName><ImageSize dt:dt="string">1541104</ImageSize><FileVersion dt:dt="string">79.0.3945.130</FileVersion><LastModifiedDateTime dt:dt="string">01/16/2020 02:32:37</LastModifiedDateTime></RunningApplication><RunningApplication><ImageName dt:dt="string">WmiPrvSE.exe</ImageName><ProcessID dt:dt="string">10060</ProcessID><WorkingSetSizeKB dt:dt="string"> </WorkingSetSizeKB><ImageFullName dt:dt="string"> </ImageFullName><ImageSize dt:dt="string"> </ImageSize><FileVersion dt:dt="string"> </FileVersion><LastModifiedDateTime dt:dt="string"> </LastModifiedDateTime></RunningApplication><RunningApplication><ImageName dt:dt="string">SearchProtocolHost.exe</ImageName><ProcessID dt:dt="string">2928</ProcessID><WorkingSetSizeKB dt:dt="string"> </WorkingSetSizeKB><ImageFullName dt:dt="string"> </ImageFullName><ImageSize dt:dt="string"> </ImageSize><FileVersion dt:dt="string"> </FileVersion><LastModifiedDateTime dt:dt="string"> </LastModifiedDateTime></RunningApplication><RunningApplication><ImageName dt:dt="string">SearchFilterHost.exe</ImageName><ProcessID dt:dt="string">11804</ProcessID><WorkingSetSizeKB dt:dt="string"> </WorkingSetSizeKB><ImageFullName dt:dt="string"> </ImageFullName><ImageSize dt:dt="string"> </ImageSize><FileVersion dt:dt="string"> </FileVersion><LastModifiedDateTime dt:dt="string"> </LastModifiedDateTime></RunningApplication><RunningApplication><ImageName dt:dt="string">dllhost.exe</ImageName><ProcessID dt:dt="string">304</ProcessID><WorkingSetSizeKB dt:dt="string">6991</WorkingSetSizeKB><ImageFullName dt:dt="string">C:\Windows\System32\dllhost.exe</ImageFullName><ImageSize dt:dt="string">19256</ImageSize><FileVersion dt:dt="string">6.2.18362.1</FileVersion><LastModifiedDateTime dt:dt="string">03/19/2019 04:45:20</LastModifiedDateTime></RunningApplication></RunningApplications></Report>
